_id,หน่วยงาน,กลุ่มป่า,ชื่อเครือข่าย,หมู่บ้าน,หมู่ที่,ตำบล,อำเภอ,จังหวัด,จำนวนสมาชิก
1,อช.เขาใหญ่,กลุ่มป่าดงพญาเย็น-เขาใหญ่,เครือข่ายเฝ้าระวังช้างป่าและสัตว์ป่าออกนอกพื้นที่อนุรักษ์ บ้านโป่งตาลอง,บ้านโป่งตาลอง,13,โป่งตาลอง,ปากช่อง,นครราชสีมา,28
2,อช.เขาใหญ่,กลุ่มป่าดงพญาเย็น-เขาใหญ่,เครือข่ายเฝ้าระวังช้างป่าและสัตว์ป่าออกนอกพื้นที่อนุรักษ์ บ้านคลองปลากั้ง,บ้านคลองปลากั้ง,16,วังหมี,วังน้ำเขียว,นครราชสีมา,21
3,อช.เขาใหญ่,กลุ่มป่าดงพญาเย็น-เขาใหญ่,เครือข่ายเฝ้าระวังช้างป่าและสัตว์ป่าออกนอกพื้นที่อนุรักษ์ บ้านคลองปลากั้ง,บ้านเจ้าคุณ,10,วังหมี,วังน้ำเขียว,นครราชสีมา,
4,อช.เขาใหญ่,กลุ่มป่าดงพญาเย็น-เขาใหญ่,เครือข่ายเฝ้าระวังช้างป่าและสัตว์ป่าออกนอกพื้นที่อนุรักษ์ บ้านคลองปลากั้ง,บ้านทรัพย์ทวีคูณ,22,วังหมี,วังน้ำเขียว,นครราชสีมา,
5,อช.เขาใหญ่,กลุ่มป่าดงพญาเย็น-เขาใหญ่,เครือข่ายเฝ้าระวังช้างป่าและสัตว์ป่าออกนอกพื้นที่อนุรักษ์ บ้านดง,บ้านดง,1,สาลิกา,เมืองนครนายก,นครนายก,20
6,อช.เขาใหญ่,กลุ่มป่าดงพญาเย็น-เขาใหญ่,เครือข่ายเฝ้าระวังช้างป่าและสัตว์ป่าออกนอกพื้นที่อนุรักษ์ บ้านใหม่สามัคคี,บ้านใหม่สามัคคี,2,หมูสี,ปากช่อง,นครราชสีมา,24
7,อช.เขาใหญ่,กลุ่มป่าดงพญาเย็น-เขาใหญ่,เครือข่ายเฝ้าระวังช้างป่าและสัตว์ป่าออกนอกพื้นที่อนุรักษ์ บ้านสาริกา,บ้านสาริกา,3,สาลิกา,เมืองนครนายก,นครนายก,20
8,อช.ทับลาน,กลุ่มป่าดงพญาเย็น-เขาใหญ่,เครือข่ายเฝ้าระวังช้างป่าและสัตว์ป่าออกนอกพื้นที่อนุรักษ์ตำบลจระเข้หิน,บ้านจระเข้หิน,1,จระเข้หิน,ครบุรี,นครราชสีมา,20
9,อช.ทับลาน,กลุ่มป่าดงพญาเย็น-เขาใหญ่,เครือข่ายเฝ้าระวังช้างป่าและสัตว์ป่าออกนอกพื้นที่อนุรักษ์ตำบลอุดมทรัพย์,ซับเต่า,10,อุดมทรัพย์,วังน้ำเขียว,นครราชสีมา,22
10,อช.ทับลาน,กลุ่มป่าดงพญาเย็น-เขาใหญ่,เครือข่ายเฝ้าระวังช้างป่าและสัตว์ป่าออกนอกพื้นที่อนุรักษ์ตำบลทุ่งโพธิ์,บ้านคลองปลาดุกลาย,6,ทุ่งโพธิ์,นาดี,ปราจีนบุรี,22
11,อช.ทับลาน,กลุ่มป่าดงพญาเย็น-เขาใหญ่,เครือข่ายเฝ้าระวังช้างป่าและสัตว์ป่าออกนอกพื้นที่อนุรักษ์ตำบลแก่งดินสอ,บ้านทับไทร,1,แก่งดินสอ,นาคี,ปราจีนบุรี,24
12,อช.ทับลาน,กลุ่มป่าดงพญาเย็น-เขาใหญ่,เครือข่ายเฝ้าระวังช้างป่าและสัตว์ป่าออกนอกพื้นที่อนุรักษ์ตำบลบ้านราษฎร์,ราษร์พัฒนา,6,บ้านราษฎร์,เสียงสาง,นครราชสีมา,22
13,อช.ตาพระยา,กลุ่มป่าดงพญาเย็น-เขาใหญ่,เครือข่ายเฝ้าระวังช้างป่าและสัตว์ป่าออกนอกพื้นที่อนุรักษ์บ้านผไทรวมพล,บ้านผไทรวมพล,11,หนองแวง,ละหานทราย    ,บุรีรัมย์,28
14,อช.ตาพระยา,กลุ่มป่าดงพญาเย็น-เขาใหญ่,เครือข่ายเฝ้าระวังช้างป่าและสัตว์ป่าออกนอกพื้นที่อนุรักษ์บ้านราษฎร์รักแดน,บ้านราษฎร์รักแดน,9,หนองแวง   ,ละหานทราย    ,บุรีรัมย์,25
15,อช.ตาพระยา,กลุ่มป่าดงพญาเย็น-เขาใหญ่,เครือข่ายเฝ้าระวังช้างป่าและสัตว์ป่าออกนอกพื้นที่อนุรักษ์บ้านโคกระเหย,บ้านโคกระเหย,13,ปราสาท,บ้านกรวด,บุรีรัมย์,28
16,อช.ตาพระยา,กลุ่มป่าดงพญาเย็น-เขาใหญ่,เครือข่ายเฝ้าระวังช้างป่าและสัตว์ป่าออกนอกพื้นที่อนุรักษ์บ้านใหม่ไทยถาวร,บ้านใหม่ไทยถาวร,5,ทัพราช,ตาพระยา,สระแก้ว,31
17,อช.ตาพระยา,กลุ่มป่าดงพญาเย็น-เขาใหญ่,เครือข่ายเฝ้าระวังช้างป่าและสัตว์ป่าออกนอกพื้นที่อนุรักษ์บ้านซับคนิง,บ้านซับคนิง,12,โนนดินแดง,โนนดินแดง   ,บุรีรัมย์,63
18,ขสป.เขาอ่างฤาไน,กลุ่มป่าตะวันออก,เครือข่ายเฝ้าระวังช้างป่าและสัตว์ป่าออกนอกพื้นที่อนุรักษ์บ้านเขากล้วยไม้-ห้วยนา-ร่มโพธิ์ทอง,บ้านเขากล้วยไม้ ,14,คลองตะเกรา ,ท่าตะเกียบ ,ฉะเชิงเทรา,23
19,ขสป.เขาอ่างฤาไน,กลุ่มป่าตะวันออก,เครือข่ายเฝ้าระวังช้างป่าและสัตว์ป่าออกนอกพื้นที่อนุรักษ์บ้านท่ามะนาว-หัวฝาย-สามพราน-เทพประทาน-ห้วยตะปอก-คลองตะเคียน,บ้านท่ามะนาว ,23,คลองตะเกรา ,ท่าตะเกียบ ,ฉะเชิงเทรา,57
20,ขสป.เขาอ่างฤาไน,กลุ่มป่าตะวันออก,เครือข่ายเฝ้าระวังช้างป่าและสัตว์ป่าออกนอกพื้นที่อนุรักษ์ บ้านทุ่งส่าย-ศรีเจริญทอง-หนองใหญ่-เทพเจริญ-กรอกสะแก-เขากระดาษ,บ้านทุ่งส่าย ,12,คลองตะเกรา ,ท่าตะเกียบ ,ฉะเชิงเทรา,20
21,ขสป.เขาอ่างฤาไน,กลุ่มป่าตะวันออก,เครือข่ายเฝ้าระวังช้างป่าและสัตว์ป่าออกนอกพื้นที่อนุรักษ์บ้านวังหิน-ห้วยโสม-กระบกคู่,บ้านวังหิน ,4,คลองตะเกรา ,ท่าตะเกียบ ,ฉะเชิงเทรา,47
22,ขสป.เขาอ่างฤาไน,กลุ่มป่าตะวันออก,เครือข่ายเฝ้าระวังช้างป่าและสัตว์ป่าออกนอกพื้นที่อนุรักษ์บ้านเกาะลอย-ทรัพย์เจริญ-เกาะกระทิง-กรอกสะแก-สันติสุข-หนองคอก,บ้านเกาะลอย ,3,คลองตะเกรา ,ท่าตะเกียบ ,ฉะเชิงเทรา,25
23,ขสป.เขาอ่างฤาไน,กลุ่มป่าตะวันออก,เครือข่ายเฝ้าระวังช้างป่าและสัตว์ป่าออกนอกพื้นที่อนุรักษ์บ้านอ่างหิน-หนองขาหยั่ง-ธรรมรัตน์ใน-หนองใหญ่,บ้านอ่างหิน,16,คลองตะเกรา ,ท่าตะเกียบ ,ฉะเชิงเทรา,28
24,ขสป.เขาอ่างฤาไน,กลุ่มป่าตะวันออก,เครือข่ายเฝ้าระวังช้างป่าและสัตว์ป่าออกนอกพื้นที่อนุรักษ์บ้านหินแร่,บ้านหินแร่,7,ท่ากระดาน ,สนามชัยเขต ,ฉะเชิงเทรา,25
25,ขสป.เขาอ่างฤาไน,กลุ่มป่าตะวันออก,เครือข่ายเฝ้าระวังช้างป่าและสัตว์ป่าออกนอกพื้นที่อนุรักษ์บ้านนาโพธิ์,บ้านนาโพธิ์,4,ท่ากระดาน ,สนามชัยเขต ,ฉะเชิงเทรา,30
26,ขสป.เขาอ่างฤาไน,กลุ่มป่าตะวันออก,เครือข่ายเฝ้าระวังช้างป่าและสัตว์ป่าออกนอกพื้นที่อนุรักษ์บ้านทุ่งเหียง,บ้านทุ่งเหียง,18,ท่ากระดาน ,สนามชัยเขต ,ฉะเชิงเทรา,20
27,ขสป.เขาอ่างฤาไน,กลุ่มป่าตะวันออก,เครือข่ายเฝ้าระวังช้างป่าและสัตว์ป่าออกนอกพื้นที่อนุรักษ์บ้านโปร่งเจริญ,บ้านโปร่งเจริญ,12,ท่ากระดาน ,สนามชัยเขต ,ฉะเชิงเทรา,20
28,ขสป.เขาอ่างฤาไน,กลุ่มป่าตะวันออก,เครือข่ายเฝ้าระวังช้างป่าและสัตว์ป่าออกนอกพื้นที่อนุรักษ์บ้านโปร่งเกตุ,บ้านโปร่งเกตุ,10,ท่ากระดาน ,สนามชัยเขต ,ฉะเชิงเทรา,26
29,ขสป.เขาอ่างฤาไน,กลุ่มป่าตะวันออก,เครือข่ายเฝ้าระวังช้างป่าและสัตว์ป่าออกนอกพื้นที่อนุรักษ์บ้านคลองอุดม-คลองยายสร้อย,บ้านคลองอุดม ,4,ทุ่งพระยา ,สนามชัยเขต ,ฉะเชิงเทรา,23
30,ขสป.เขาอ่างฤาไน,กลุ่มป่าตะวันออก,เครือข่ายเฝ้าระวังช้างป่าและสัตว์ป่าออกนอกพื้นที่อนุรักษ์บ้านท่าทองดำ-อ่างตะแบก-ภูเขาทอง-โป่งตาสา,บ้านท่าทองดำ ,6,ทุ่งพระยา ,สนามชัยเขต ,ฉะเชิงเทรา,25
31,ขสป.เขาอ่างฤาไน,กลุ่มป่าตะวันออก,เครือข่ายเฝ้าระวังช้างป่าและสัตว์ป่าออกนอกพื้นที่อนุรักษ์บ้านมาบสมบูรณ์-เขาจันทร์,บ้านมาบสมบูรณ์ ,18,ทุ่งพระยา ,สนามชัยเขต ,ฉะเชิงเทรา,20
32,ขสป.เขาอ่างฤาไน,กลุ่มป่าตะวันออก,เครือข่ายเฝ้าระวังช้างป่าและสัตว์ป่าออกนอกพื้นที่อนุรักษ์บ้านหนองใหญ่-ท่าชีวิต-สันติสุข ,บ้านหนองใหญ่ ,14,ทุ่งพระยา ,สนามชัยเขต ,ฉะเชิงเทรา,24
33,ขสป.เขาอ่างฤาไน,กลุ่มป่าตะวันออก,เครือข่ายเฝ้าระวังช้างป่าและสัตว์ป่าออกนอกพื้นที่อนุรักษ์บ้านท่าชีวิตใหม่-โคกตะเคียนงาม-ทุ่งวัว-วังคู,บ้านท่าชีวิตใหม่,8,ทุ่งพระยา ,สนามชัยเขต ,ฉะเชิงเทรา,22
34,ขสป.เขาอ่างฤาไน,กลุ่มป่าตะวันออก,เครือข่ายเฝ้าระวังช้างป่าและสัตว์ป่าออกนอกพื้นที่อนุรักษ์บ้านท่าซุง-หนองบอน,บ้านท่าซุง ,3,ลาดกระทิง ,สนามชัยเขต ,ฉะเชิงเทรา,20
35,ขสป.เขาอ่างฤาไน,กลุ่มป่าตะวันออก,เครือข่ายเฝ้าระวังช้างป่าและสัตว์ป่าออกนอกพื้นที่อนุรักษ์บ้านกม.7,บ้านกม.7,6,ลาดกระทิง ,สนามชัยเขต ,ฉะเชิงเทรา,23
36,ขสป.เขาอ่างฤาไน,กลุ่มป่าตะวันออก,เครือข่ายเฝ้าระวังช้างป่าและสัตว์ป่าออกนอกพื้นที่อนุรักษ์บ้านสระไม้แดง-ท่าม่วง-โพธิ์งาม,บ้านสระไม้แดง ,5,คู้ยายหมี,สนามชัยเขต ,ฉะเชิงเทรา,20
37,ขสป.เขาอ่างฤาไน,กลุ่มป่าตะวันออก,เครือข่ายเฝ้าระวังช้างป่าและสัตว์ป่าออกนอกพื้นที่อนุรักษ์บ้านหลุมมะขาม-หนองกระทิง,บ้านหลุมมะขาม ,8,หนองไม้แก่น ,แปลงยาว ,ฉะเชิงเทรา,21
38,ขสป.เขาอ่างฤาไน,กลุ่มป่าตะวันออก,เครือข่ายเฝ้าระวังช้างป่าและสัตว์ป่าออกนอกพื้นที่อนุรักษ์บ้านเขาสะท้อน-หนองน้ำขาว,บ้านเขาสะท้อน ,5,หนองไม้แก่น ,แปลงยาว ,ฉะเชิงเทรา,21
39,ขสป.เขาอ่างฤาไน,กลุ่มป่าตะวันออก,เครือข่ายเฝ้าระวังช้างป่าและสัตว์ป่าออกนอกพื้นที่อนุรักษ์บ้านหนองปลาไหล-หนองไทรบน,บ้านหนองปลาไหล ,1,หนองไม้แก่น ,แปลงยาว ,ฉะเชิงเทรา,23
40,ขสป.เขาอ่างฤาไน,กลุ่มป่าตะวันออก,เครือข่ายเฝ้าระวังช้างป่าและสัตว์ป่าออกนอกพื้นที่อนุรักษ์บ้านเขากระถิน,บ้านเขากระถิน,6,ธาตุทอง ,บ่อทอง ,ชลบุรี,24
41,ขสป.เขาอ่างฤาไน,กลุ่มป่าตะวันออก,เครือข่ายเฝ้าระวังช้างป่าและสัตว์ป่าออกนอกพื้นที่อนุรักษ์บ้านคลองใหญ่ (ทับเจ๊ก),บ้านคลองใหญ่ (ทับเจ๊ก),9,บ่อทอง ,บ่อทอง ,ชลบุรี,24
42,ขสป.เขาอ่างฤาไน,กลุ่มป่าตะวันออก,เครือข่ายเฝ้าระวังช้างป่าและสัตว์ป่าออกนอกพื้นที่อนุรักษ์บ้านเขาใหญ่,บ้านเขาใหญ่,4,พลวงทอง ,บ่อทอง ,ชลบุรี,21
43,ขสป.เขาอ่างฤาไน,กลุ่มป่าตะวันออก,เครือข่ายเฝ้าระวังช้างป่าและสัตว์ป่าออกนอกพื้นที่อนุรักษ์บ้านห้างสูง-หนองตะเคียน,บ้านห้างสูง ,5,ห้างสูง ,หนองใหญ่ ,ชลบุรี,20
44,ขสป.เขาอ่างฤาไน,กลุ่มป่าตะวันออก,เครือข่ายเฝ้าระวังช้างป่าและสัตว์ป่าออกนอกพื้นที่อนุรักษ์บ้านเขามดง่าม-คลองพลู,บ้านเขามดง่าม ,4,คลองพลู ,หนองใหญ่ ,ชลบุรี,20
45,ขสป.เขาอ่างฤาไน,กลุ่มป่าตะวันออก,เครือข่ายเฝ้าระวังช้างป่าและสัตว์ป่าออกนอกพื้นที่อนุรักษ์บ้านมะเดื่อ-หนองม่วง,บ้านมะเดื่อ ,2,เขาน้อย ,เขาชะเมา ,ระยอง,20
46,ขสป.เขาอ่างฤาไน,กลุ่มป่าตะวันออก,เครือข่ายเฝ้าระวังช้างป่าและสัตว์ป่าออกนอกพื้นที่อนุรักษ์บ้านยุบตาเหน่ง,บ้านยุบตาเหน่ง,4,ป่ายุบใน,วังจันทร์ ,ระยอง,20
47,ขสป.เขาอ่างฤาไน,กลุ่มป่าตะวันออก,เครือข่ายเฝ้าระวังช้างป่าและสัตว์ป่าออกนอกพื้นที่อนุรักษ์บ้านเขากล้วย,บ้านเขากล้วย,1,พวา ,แก่งหางแมว ,จันทบุรี,26
48,ขสป.เขาอ่างฤาไน,กลุ่มป่าตะวันออก,เครือข่ายเฝ้าระวังช้างป่าและสัตว์ป่าออกนอกพื้นที่อนุรักษ์บ้านเขาฆ้อง,บ้านเขาฆ้อง,5,พวา ,แก่งหางแมว ,จันทบุรี,21
49,ขสป.เขาอ่างฤาไน,กลุ่มป่าตะวันออก,เครือข่ายเฝ้าระวังช้างป่าและสัตว์ป่าออกนอกพื้นที่อนุรักษ์บ้านคลองแดง,บ้านคลองแดง,12,พวา ,แก่งหางแมว ,จันทบุรี,25
50,ขสป.เขาอ่างฤาไน,กลุ่มป่าตะวันออก,เครือข่ายเฝ้าระวังช้างป่าและสัตว์ป่าออกนอกพื้นที่อนุรักษ์บ้านประแกต,บ้านประแกต,3,สามพี่น้อง ,แก่งหางแมว ,จันทบุรี,21
51,ขสป.เขาอ่างฤาไน,กลุ่มป่าตะวันออก,เครือข่ายเฝ้าระวังช้างป่าและสัตว์ป่าออกนอกพื้นที่อนุรักษ์บ้านวังไม้แดงใน,บ้านวังไม้แดงใน,6,สามพี่น้อง ,แก่งหางแมว ,จันทบุรี,20
52,ขสป.เขาอ่างฤาไน,กลุ่มป่าตะวันออก,เครือข่ายเฝ้าระวังช้างป่าและสัตว์ป่าออกนอกพื้นที่อนุรักษ์บ้านคลองชล,บ้านคลองชล,11,วังทอง ,วังสมบูรณ์ ,สระแก้ว,20
53,ขสป.เขาอ่างฤาไน,กลุ่มป่าตะวันออก,เครือข่ายเฝ้าระวังช้างป่าและสัตว์ป่าออกนอกพื้นที่อนุรักษ์บ้านโปร่งศรีเจริญ,บ้านโปร่งศรีเจริญ ,8,เขาไม้แก้ว ,กบินทร์บุรี ,ปราจีนบุรี,20
54,ขสป.เขาอ่างฤาไน,กลุ่มป่าตะวันออก,เครือข่ายเฝ้าระวังช้างป่าและสัตว์ป่าออกนอกพื้นที่อนุรักษ์บ้านโปร่งสะเดา-เขาไม้แก้ว-ขุนด่าน,บ้านโปร่งสะเดา ,6,เขาไม้แก้ว ,กบินทร์บุรี ,ปราจีนบุรี,20
55,ขสป.เขาอ่างฤาไน,กลุ่มป่าตะวันออก,เครือข่ายเฝ้าระวังช้างป่าและสัตว์ป่าออกนอกพื้นที่อนุรักษ์บ้านหนองประดู่,บ้านหนองประดู่,7,เขาไม้แก้ว ,กบินทร์บุรี ,ปราจีนบุรี,20
56,ขสป.เขาอ่างฤาไน,กลุ่มป่าตะวันออก,เครือข่ายเฝ้าระวังช้างป่าและสัตว์ป่าออกนอกพื้นที่อนุรักษ์บ้านวังกวาง,บ้านวังกวาง,11,วังท่าช้าง ,กบินทร์บุรี ,ปราจีนบุรี,23
57,ขสป.เขาอ่างฤาไน,กลุ่มป่าตะวันออก,เครือข่ายเฝ้าระวังช้างป่าและสัตว์ป่าออกนอกพื้นที่อนุรักษ์บ้านโนนสมบูรณ์,บ้านโนนสมบูรณ์,14,วังท่าช้าง ,กบินทร์บุรี ,ปราจีนบุรี,24
58,ขสป.เขาสอยดาว,กลุ่มป่าตะวันออก,เครือข่ายเฝ้าระวังช้างป่าและสัตว์ป่าออกนอกพื้นที่อนุรักษ์บ้านปะตงล่าง,บ้านปะตงล่าง,5,ทรายขาว,สอยดาว     ,จันทบุรี,38
59,ขสป.เขาสอยดาว,กลุ่มป่าตะวันออก,เครือข่ายเฝ้าระวังช้างป่าและสัตว์ป่าออกนอกพื้นที่อนุรักษ์บ้านซับตาพุด,บ้านซับตาพุด,10,ทรายขาว,สอยดาว     ,จันทบุรี,28
60,ขสป.เขาสอยดาว,กลุ่มป่าตะวันออก,เครือข่ายเฝ้าระวังช้างป่าและสัตว์ป่าออกนอกพื้นที่อนุรักษ์บ้านตามูล,บ้านตามูล,1,ทรายขาว,สอยดาว     ,จันทบุรี,24
61,ขสป.เขาสอยดาว,กลุ่มป่าตะวันออก, เครือข่ายเฝ้าระวังช้างป่าและสัตว์ป่าออกนอกพื้นที่อนุรักษ์บ้านคลองกระทา, บ้านคลองกระทา,2,ปะตง      ,สอยดาว     ,จันทบุรี,18
62,ขสป.เขาสอยดาว,กลุ่มป่าตะวันออก,เครือข่ายเฝ้าระวังช้างป่าและสัตว์ป่าออกนอกพื้นที่อนุรักษ์บ้านเขาแก้ว,บ้านเขาแก้ว,6,ปะตง      ,สอยดาว     ,จันทบุรี,33
63,ขสป.เขาสอยดาว,กลุ่มป่าตะวันออก,เครือข่ายเฝ้าระวังช้างป่าและสัตว์ป่าออกนอกพื้นที่อนุรักษ์บ้านซอยสุขสันต์,บ้านซอยสุขสันต์,7,ทับช้าง,สอยดาว     ,จันทบุรี,22
64,ขสป.เขาสอยดาว,กลุ่มป่าตะวันออก,เครือข่ายเฝ้าระวังช้างป่าและสัตว์ป่าออกนอกพื้นที่อนุรักษ์บ้านคลองดินดำ,บ้านคลองดินดำ,16,ทับช้าง,สอยดาว     ,จันทบุรี,25
65,ขสป.เขาสอยดาว,กลุ่มป่าตะวันออก,เครือข่ายเฝ้าระวังช้างป่าและสัตว์ป่าออกนอกพื้นที่อนุรักษ์บ้านคลองกลาง,บ้านคลองกลาง,18,ทับช้าง,สอยดาว     ,จันทบุรี,23
66,ขสป.เขาสอยดาว,กลุ่มป่าตะวันออก,เครือข่ายเฝ้าระวังช้างป่าและสัตว์ป่าออกนอกพื้นที่อนุรักษ์บ้านวังกระแพร,บ้านวังกระแพร,2,ทับไทร      ,โป่งน้ำร้อน,จันทบุรี,18
67,ขสป.เขาสอยดาว,กลุ่มป่าตะวันออก,เครือข่ายเฝ้าระวังช้างป่าและสัตว์ป่าออกนอกพื้นที่อนุรักษ์บ้านมาบคล้า,บ้านมาบคล้า,6,ทับไทร      ,โป่งน้ำร้อน,จันทบุรี,43
68,ขสป.เขาสอยดาว,กลุ่มป่าตะวันออก,เครือข่ายเฝ้าระวังช้างป่าและสัตว์ป่าออกนอกพื้นที่อนุรักษ์บ้านซอย 14,บ้านซอย 14,8,ทับไทร      ,โป่งน้ำร้อน,จันทบุรี,60
69,ขสป.เขาสอยดาว,กลุ่มป่าตะวันออก,เครือข่ายเฝ้าระวังช้างป่าและสัตว์ป่าออกนอกพื้นที่อนุรักษ์บ้านโป่งเก่า,บ้านโป่งเก่า,6,โป่งน้ำร้อน,โป่งน้ำร้อน,จันทบุรี,35
70,อช.เขาสิบห้าชั้น,กลุ่มป่าตะวันออก,เครือข่ายเฝ้าระวังช้างป่าและสัตว์ป่าออกนอกพื้นที่อนุรักษ์กลุ่มที่ 1 อ่างสีเสียด,บ้านอ่างสีเสียด ,9,ขุนช่อง,แก่งหางแมว,จันทบุรี,20
71,อช.เขาสิบห้าชั้น,กลุ่มป่าตะวันออก,เครือข่ายเฝ้าระวังช้างป่าและสัตว์ป่าออกนอกพื้นที่อนุรักษ์กลุ่มที่ 1 อ่างสีเสียด,บ้านคลองโป่ง ,10,ขุนช่อง,แก่งหางแมว,จันทบุรี,
72,อช.เขาสิบห้าชั้น,กลุ่มป่าตะวันออก,เครือข่ายเฝ้าระวังช้างป่าและสัตว์ป่าออกนอกพื้นที่อนุรักษ์กลุ่มที่ 2 บ้านคลองยาง,บ้านคลองยาง,1,ขุนช่อง,แก่งหางแมว,จันทบุรี,20
73,อช.เขาสิบห้าชั้น,กลุ่มป่าตะวันออก,เครือข่ายเฝ้าระวังช้างป่าและสัตว์ป่าออกนอกพื้นที่อนุรักษ์กลุ่มที่ 2 บ้านคลองยาง,บ้านวังสัมพันธ์ ,11,ขุนช่อง,แก่งหางแมว,จันทบุรี,
74,อช.เขาสิบห้าชั้น,กลุ่มป่าตะวันออก,เครือข่ายเฝ้าระวังช้างป่าและสัตว์ป่าออกนอกพื้นที่อนุรักษ์กลุ่มที่ 2 บ้านคลองยาง,บ้านคลองยายไท ,18,ขุนช่อง,แก่งหางแมว,จันทบุรี,
75,อช.เขาสิบห้าชั้น,กลุ่มป่าตะวันออก,เครือข่ายเฝ้าระวังช้างป่าและสัตว์ป่าออกนอกพื้นที่อนุรักษ์กลุ่มที่ 3 บ้านแจง,บ้านสุขใจ ,7,ขุนช่อง,แก่งหางแมว,จันทบุรี,28
76,อช.เขาสิบห้าชั้น,กลุ่มป่าตะวันออก,เครือข่ายเฝ้าระวังช้างป่าและสัตว์ป่าออกนอกพื้นที่อนุรักษ์กลุ่มที่ 3 บ้านแจง,บ้านคลองพริก,13,ขุนช่อง,แก่งหางแมว,จันทบุรี,
77,อช.เขาสิบห้าชั้น,กลุ่มป่าตะวันออก,เครือข่ายเฝ้าระวังช้างป่าและสัตว์ป่าออกนอกพื้นที่อนุรักษ์กลุ่มที่ 3 บ้านแจง,บ้านวังแจง,14,ขุนช่อง,แก่งหางแมว,จันทบุรี,
78,อช.เขาสิบห้าชั้น,กลุ่มป่าตะวันออก,เครือข่ายเฝ้าระวังช้างป่าและสัตว์ป่าออกนอกพื้นที่อนุรักษ์กลุ่มที่ 3 บ้านแจง,บ้านคลองใหม่ ,15,ขุนช่อง,แก่งหางแมว,จันทบุรี,
79,อช.เขาสิบห้าชั้น,กลุ่มป่าตะวันออก,เครือข่ายเฝ้าระวังช้างป่าและสัตว์ป่าออกนอกพื้นที่อนุรักษ์กลุ่มที่ 4 บ้านขุนช่อง,บ้านขุนซ่อง,2,ขุนช่อง,แก่งหางแมว,จันทบุรี,20
80,อช.เขาสิบห้าชั้น,กลุ่มป่าตะวันออก,เครือข่ายเฝ้าระวังช้างป่าและสัตว์ป่าออกนอกพื้นที่อนุรักษ์กลุ่มที่ 4 บ้านขุนช่อง,บ้านขุนซ่อง,3,ขุนช่อง,แก่งหางแมว,จันทบุรี,
81,อช.เขาสิบห้าชั้น,กลุ่มป่าตะวันออก,เครือข่ายเฝ้าระวังช้างป่าและสัตว์ป่าออกนอกพื้นที่อนุรักษ์กลุ่มที่ 4 บ้านขุนช่อง,บ้านหางแมว,4,ขุนช่อง,แก่งหางแมว,จันทบุรี,
82,อช.เขาสิบห้าชั้น,กลุ่มป่าตะวันออก,เครือข่ายเฝ้าระวังช้างป่าและสัตว์ป่าออกนอกพื้นที่อนุรักษ์กลุ่มที่ 4 บ้านขุนช่อง,บ้านโคกวัด,5,ขุนช่อง,แก่งหางแมว,จันทบุรี,
83,อช.เขาสิบห้าชั้น,กลุ่มป่าตะวันออก,เครือข่ายเฝ้าระวังช้างป่าและสัตว์ป่าออกนอกพื้นที่อนุรักษ์กลุ่มที่ 4 บ้านขุนช่อง,บ้านหนองเตียน,6,ขุนช่อง,แก่งหางแมว,จันทบุรี,
84,อช.เขาสิบห้าชั้น,กลุ่มป่าตะวันออก,เครือข่ายเฝ้าระวังช้างป่าและสัตว์ป่าออกนอกพื้นที่อนุรักษ์กลุ่มที่ 4 บ้านขุนช่อง,บ้านหนองเสม็ด ,12,ขุนช่อง,แก่งหางแมว,จันทบุรี,
85,อช.เขาสิบห้าชั้น,กลุ่มป่าตะวันออก,เครือข่ายเฝ้าระวังช้างป่าและสัตว์ป่าออกนอกพื้นที่อนุรักษ์กลุ่มที่ 5 บ้านโอ่งแตก,บ้านหินดาด,8,ขุนช่อง,แก่งหางแมว,จันทบุรี,22
86,อช.เขาสิบห้าชั้น,กลุ่มป่าตะวันออก,เครือข่ายเฝ้าระวังช้างป่าและสัตว์ป่าออกนอกพื้นที่อนุรักษ์กลุ่มที่ 5 บ้านโอ่งแตก,บ้านตลาด,16,ขุนช่อง,แก่งหางแมว,จันทบุรี,
87,อช.เขาสิบห้าชั้น,กลุ่มป่าตะวันออก,เครือข่ายเฝ้าระวังช้างป่าและสัตว์ป่าออกนอกพื้นที่อนุรักษ์กลุ่มที่ 5 บ้านโอ่งแตก,บ้านโอ่งแตก ,16,ขุนช่อง,แก่งหางแมว,จันทบุรี,
88,อช.เขาสิบห้าชั้น,กลุ่มป่าตะวันออก,เครือข่ายเฝ้าระวังช้างป่าและสัตว์ป่าออกนอกพื้นที่อนุรักษ์กลุ่มที่ 6 บ้านทุ่งยายทอง,บ้านโป่งยาง,7,แก่งหางแมว,แก่งหางแมว,จันทบุรี,44
89,อช.เขาสิบห้าชั้น,กลุ่มป่าตะวันออก,เครือข่ายเฝ้าระวังช้างป่าและสัตว์ป่าออกนอกพื้นที่อนุรักษ์กลุ่มที่ 6 บ้านทุ่งยายทอง,บ้านแสงทอง ,13,แก่งหางแมว,แก่งหางแมว,จันทบุรี,
90,อช.เขาสิบห้าชั้น,กลุ่มป่าตะวันออก,เครือข่ายเฝ้าระวังช้างป่าและสัตว์ป่าออกนอกพื้นที่อนุรักษ์กลุ่มที่ 6 บ้านทุ่งยายทอง,บ้านทุ่งยายทอง ,21,แก่งหางแมว,แก่งหางแมว,จันทบุรี,
91,อช.เขาสิบห้าชั้น,กลุ่มป่าตะวันออก,เครือข่ายเฝ้าระวังช้างป่าและสัตว์ป่าออกนอกพื้นที่อนุรักษ์กลุ่มที่ 7 บ้านเกาะลอย,บ้านเขาส้มป่อย,5,แก่งหางแมว,แก่งหางแมว,จันทบุรี,45
92,อช.เขาสิบห้าชั้น,กลุ่มป่าตะวันออก,เครือข่ายเฝ้าระวังช้างป่าและสัตว์ป่าออกนอกพื้นที่อนุรักษ์กลุ่มที่ 7 บ้านเกาะลอย,บ้านเกาะลอย ,12,แก่งหางแมว,แก่งหางแมว,จันทบุรี,
93,อช.เขาสิบห้าชั้น,กลุ่มป่าตะวันออก,เครือข่ายเฝ้าระวังช้างป่าและสัตว์ป่าออกนอกพื้นที่อนุรักษ์กลุ่มที่ 7 บ้านเกาะลอย,บ้านเนินกระบก ,20,แก่งหางแมว,แก่งหางแมว,จันทบุรี,
94,อช.เขาสิบห้าชั้น,กลุ่มป่าตะวันออก,เครือข่ายเฝ้าระวังช้างป่าและสัตว์ป่าออกนอกพื้นที่อนุรักษ์กลุ่มที่ 8 บ้านคลองกลอย,บ้านตาหน่อง,1,แก่งหางแมว,แก่งหางแมว,จันทบุรี,22
95,อช.เขาสิบห้าชั้น,กลุ่มป่าตะวันออก,เครือข่ายเฝ้าระวังช้างป่าและสัตว์ป่าออกนอกพื้นที่อนุรักษ์กลุ่มที่ 8 บ้านคลองกลอย,บ้านช่องกะพัด,2,แก่งหางแมว,แก่งหางแมว,จันทบุรี,
96,อช.เขาสิบห้าชั้น,กลุ่มป่าตะวันออก,เครือข่ายเฝ้าระวังช้างป่าและสัตว์ป่าออกนอกพื้นที่อนุรักษ์กลุ่มที่ 8 บ้านคลองกลอย,บ้านโป่งขนมจีน,4,แก่งหางแมว,แก่งหางแมว,จันทบุรี,
97,อช.เขาสิบห้าชั้น,กลุ่มป่าตะวันออก,เครือข่ายเฝ้าระวังช้างป่าและสัตว์ป่าออกนอกพื้นที่อนุรักษ์กลุ่มที่ 8 บ้านคลองกลอย,บ้านคลองกลอย,16,แก่งหางแมว,แก่งหางแมว,จันทบุรี,
98,อช.เขาสิบห้าชั้น,กลุ่มป่าตะวันออก,เครือข่ายเฝ้าระวังช้างป่าและสัตว์ป่าออกนอกพื้นที่อนุรักษ์กลุ่มที่ 9 บ้านนาบุญ,บ้านโป่งวัว ,6,แก่งหางแมว,แก่งหางแมว,จันทบุรี,49
99,อช.เขาสิบห้าชั้น,กลุ่มป่าตะวันออก,เครือข่ายเฝ้าระวังช้างป่าและสัตว์ป่าออกนอกพื้นที่อนุรักษ์กลุ่มที่ 9 บ้านนาบุญ,บ้านหนองบัวทอง,9,แก่งหางแมว,แก่งหางแมว,จันทบุรี,
100,อช.เขาสิบห้าชั้น,กลุ่มป่าตะวันออก,เครือข่ายเฝ้าระวังช้างป่าและสัตว์ป่าออกนอกพื้นที่อนุรักษ์กลุ่มที่ 9 บ้านนาบุญ,บ้านอ่างมะกรูด,10,แก่งหางแมว,แก่งหางแมว,จันทบุรี,
101,อช.เขาสิบห้าชั้น,กลุ่มป่าตะวันออก,เครือข่ายเฝ้าระวังช้างป่าและสัตว์ป่าออกนอกพื้นที่อนุรักษ์กลุ่มที่ 9 บ้านนาบุญ,บ้านวังใหม่,14,แก่งหางแมว,แก่งหางแมว,จันทบุรี,
102,อช.เขาสิบห้าชั้น,กลุ่มป่าตะวันออก,เครือข่ายเฝ้าระวังช้างป่าและสัตว์ป่าออกนอกพื้นที่อนุรักษ์กลุ่มที่ 9 บ้านนาบุญ,บ้านนาบุญ,18,แก่งหางแมว,แก่งหางแมว,จันทบุรี,
103,อช.เขาสิบห้าชั้น,กลุ่มป่าตะวันออก,เครือข่ายเฝ้าระวังช้างป่าและสัตว์ป่าออกนอกพื้นที่อนุรักษ์กลุ่มที่ 10 บ้านวังแก่ง,บ้านแก่ง,3,แก่งหางแมว,แก่งหางแมว,จันทบุรี,24
104,อช.เขาสิบห้าชั้น,กลุ่มป่าตะวันออก,เครือข่ายเฝ้าระวังช้างป่าและสัตว์ป่าออกนอกพื้นที่อนุรักษ์กลุ่มที่ 10 บ้านวังแก่ง,บ้านคลองตาขิง,8,แก่งหางแมว,แก่งหางแมว,จันทบุรี,
105,อช.เขาสิบห้าชั้น,กลุ่มป่าตะวันออก,เครือข่ายเฝ้าระวังช้างป่าและสัตว์ป่าออกนอกพื้นที่อนุรักษ์กลุ่มที่ 10 บ้านวังแก่ง,บ้านวังตาเมือง ,11,แก่งหางแมว,แก่งหางแมว,จันทบุรี,
106,อช.เขาสิบห้าชั้น,กลุ่มป่าตะวันออก,เครือข่ายเฝ้าระวังช้างป่าและสัตว์ป่าออกนอกพื้นที่อนุรักษ์กลุ่มที่ 10 บ้านวังแก่ง,บ้านคลองเรือ,15,แก่งหางแมว,แก่งหางแมว,จันทบุรี,
107,อช.เขาสิบห้าชั้น,กลุ่มป่าตะวันออก,เครือข่ายเฝ้าระวังช้างป่าและสัตว์ป่าออกนอกพื้นที่อนุรักษ์กลุ่มที่ 10 บ้านวังแก่ง,บ้านเจริญสุข ,17,แก่งหางแมว,แก่งหางแมว,จันทบุรี,
108,อช.เขาสิบห้าชั้น,กลุ่มป่าตะวันออก,เครือข่ายเฝ้าระวังช้างป่าและสัตว์ป่าออกนอกพื้นที่อนุรักษ์กลุ่มที่ 10 บ้านวังแก่ง,บ้านต้นไทร,19,แก่งหางแมว,แก่งหางแมว,จันทบุรี,
109,อช.เขาสิบห้าชั้น,กลุ่มป่าตะวันออก,เครือข่ายเฝ้าระวังช้างป่าและสัตว์ป่าออกนอกพื้นที่อนุรักษ์กลุ่มที่ 10 บ้านวังแก่ง,บ้านวังแก่ง  ,22,แก่งหางแมว,แก่งหางแมว,จันทบุรี,
110,อช.เขาชะเมา-เขาวง,กลุ่มป่าตะวันออก,เครือข่ายเฝ้าระวังช้างป่าและสัตว์ป่าออกนอกพื้นที่อนุรักษ์บ้านคลองหิน,บ้านคลองหิน,1,ห้วยทับมอญ,เขาชะเมา,ระยอง,22
111,อช.เขาชะเมา-เขาวง,กลุ่มป่าตะวันออก,เครือข่ายเฝ้าระวังช้างป่าและสัตว์ป่าออกนอกพื้นที่อนุรักษ์บ้านน้ำใส,บ้านน้ำใส,2,น้ำเป็น,เขาชะเมา,ระยอง,21
112,อช.เขาชะเมา-เขาวง,กลุ่มป่าตะวันออก,เครือข่ายเฝ้าระวังช้างป่าและสัตว์ป่าออกนอกพื้นที่อนุรักษ์บ้านน้ำเป็น,บ้านน้ำเป็น,6,น้ำเป็น,เขาชะเมา,ระยอง,21
113,อช.เขาชะเมา-เขาวง,กลุ่มป่าตะวันออก,เครือข่ายเฝ้าระวังช้างป่าและสัตว์ป่าออกนอกพื้นที่อนุรักษ์บ้านเหมืองแร่,บ้านเหมืองแร่,4,น้ำเป็น,เขาชะเมา,ระยอง,24
114,อช.เขาชะเมา-เขาวง,กลุ่มป่าตะวันออก,เครือข่ายเฝ้าระวังช้างป่าและสัตว์ป่าออกนอกพื้นที่อนุรักษ์บ้านคลองหินเพลิง,บ้านคลองหินเพลิง,7,พวา,แก่งหางแมว,จันทบุรี,20
115,อช.เขาชะเมา-เขาวง,กลุ่มป่าตะวันออก,เครือข่ายเฝ้าระวังช้างป่าและสัตว์ป่าออกนอกพื้นที่อนุรักษ์บ้านเขาวงกต,บ้านเขาวงกต,1,เขาวงกต,แก่งหางแมว,จันทบุรี,20
116,อช.เขาชะเมา-เขาวง,กลุ่มป่าตะวันออก,เครือข่ายเฝ้าระวังช้างป่าและสัตว์ป่าออกนอกพื้นที่อนุรักษ์บ้านเนินสุขสำรอง,บ้านเนินสุขสำรอง,9,ทุ่งควายกิน,แกลง,ระยอง,20
117,อช.เขาชะเมา-เขาวง,กลุ่มป่าตะวันออก,เครือข่ายเฝ้าระวังช้างป่าและสัตว์ป่าออกนอกพื้นที่อนุรักษ์บ้านสำนักยาง,บ้านสำนักยาง,6,บ้านนา,แกลง,ระยอง,20
118,อช.เขาชะเมา-เขาวง,กลุ่มป่าตะวันออก,เครือข่ายเฝ้าระวังช้างป่าและสัตว์ป่าออกนอกพื้นที่อนุรักษ์บ้านชุมนุมสูง,บ้านชุมนุมสูง,7,ทุ่งควายกิน,แกลง,ระยอง,23
119,อช.เขาชะเมา-เขาวง,กลุ่มป่าตะวันออก,เครือข่ายเฝ้าระวังช้างป่าและสัตว์ป่าออกนอกพื้นที่อนุรัษ์ชุมชนบ้านเขาน้อย,บ้านเขาน้อย,5,เขาน้อย ,เขาชะเมา,ระยอง,12
120,อช.น้ำตกคลองแก้ว,กลุ่มป่าตะวันออก,เครือข่ายเฝ้าระวังช้างป่าและสัตว์ป่าออกนอกพื้นที่อนุรักษ์บ้านด่านชุมพล,ด่านชุมพล,1,ด่านชุมพล,บ่อไร่,ตราด,21
121,อช.น้ำตกคลองแก้ว,กลุ่มป่าตะวันออก,เครือข่ายเฝ้าระวังช้างป่าและสัตว์ป่าออกนอกพื้นที่อนุรักษ์บ้านวงศ์พัฒนา,วงศ์พัฒนา,4,สะตอ,เขาสมิง,ตราด,15
122,อช.น้ำตกคลองแก้ว,กลุ่มป่าตะวันออก,เครือข่ายเฝ้าระวังช้างป่าและสัตว์ป่าออกนอกพื้นที่อนุรักษ์บ้านปะอา,ปะอา,2,บ่อพลอย,บ่อไร่,ตราด,20
123,อช.น้ำตกคลองแก้ว,กลุ่มป่าตะวันออก,เครือข่ายเฝ้าระวังช้างป่าและสัตว์ป่าออกนอกพื้นที่อนุรักษ์บ้านตรอกเกษร,ตรอกเกษร,2,หนองบอน,บ่อไร่,ตราด,21
124,อช.น้ำตกคลองแก้ว,กลุ่มป่าตะวันออก,เเครือข่ายเฝ้าระวังช้างป่าและสัตว์ป่าออกนอกพื้นที่อนุรักษ์บ้านซอยแสงธารา,บ้านคลองแสง,3,ด่านชุมพล,บ่อไร่,ตราด,10
125,อช.น้ำตกคลองแก้ว,กลุ่มป่าตะวันออก,เครือข่ายเฝ้าระวังช้างป่าและสัตว์ป่าออกนอกพื้นที่อนุรักษ์บ้านหนองมาตร,หนองมาตร,4,ช้างทูน,บ่อไร่,ตราด,20
126,อช.น้ำตกคลองแก้ว,กลุ่มป่าตะวันออก,เครือข่ายเฝ้าระวังช้างป่าและสัตว์ป่าออกนอกพื้นที่อนุรักษ์บ้านทุ่งกราด,ทุ่งกราด,8,สะตอ,เขาสมิง,ตราด,21
127,อช.น้ำตกคลองแก้ว,กลุ่มป่าตะวันออก,เครือข่ายเฝ้าระวังช้างป่าและสัตว์ป่าออกนอกพื้นที่อนุรักษ์บ้านท่ากุ่ม-ตะกาง,ตะกาง,3,ตะกาง,เมืองตราด,ตราด,45
128,อช.น้ำตกคลองแก้ว,กลุ่มป่าตะวันออก,เครือข่ายเฝ้าระวังช้างป่าและสัตว์ป่าออกนอกพื้นที่อนุรักษ์บ้านมะม่วง-คลองโอน,บ้านมะม่วง,3,นนทรีย์,บ่อไร่,ตราด,20
129,อช.น้ำตกคลองแก้ว,กลุ่มป่าตะวันออก,เครือข่ายเฝ้าระวังช้างป่าและสัตว์ป่าออกนอกพื้นที่อนุรักษ์บ้านทุ่งตอง,ทุ่งตอง,5,นนทรีย์,บ่อไร่,ตราด,20
130,ขสป.คลองเครือหวาย,กลุ่มป่าตะวันออก,เครือข่ายเฝ้าระวังช้างป่าและสัตว์ป่าออกนอกพื้นที่อนุรักษ์บ้านคทับนคร-คลองขวาวัฒนา,ทับนคร ,6,ปัถวี,มะขาม,จันทบุรี,20
131,ขสป.คลองเครือหวาย,กลุ่มป่าตะวันออก,เครือข่ายเฝ้าระวังช้างป่าและสัตว์ป่าออกนอกพื้นที่อนุรักษ์บ้านคทับนคร-คลองขวาวัฒนา,คลองขวาวัฒนา,9,ปัถวี,มะขาม,จันทบุรี,
132,ขสป.คลองเครือหวาย,กลุ่มป่าตะวันออก,เครือข่ายเฝ้าระวังช้างป่าและสัตว์ป่าออกนอกพื้นที่อนุรักษ์บ้านหินลาด(คลองฉาย-ตากรี),หินลาด,8,ปัถวี,มะขาม,จันทบุรี,24
133,ขสป.คลองเครือหวาย,กลุ่มป่าตะวันออก,เครือข่ายเฝ้าระวังช้างป่าและสัตว์ป่าออกนอกพื้นที่อนุรักษ์บ้านพญากำพุช,พญากำพุช,2,โป่งน้ำร้อน,โป่งน้ำร้อน,จันทบุรี,35
134,ขสป.คลองเครือหวาย,กลุ่มป่าตะวันออก,เครือข่ายเฝ้าระวังช้างป่าและสัตว์ป่าออกนอกพื้นที่อนุรักษ์บ้านสะพานหินบน,สะพานหินบน,3,บ่อเวฬุ,ขลุง,จันทบุรี,20
135,ขสป.คลองเครือหวาย,กลุ่มป่าตะวันออก,เครือข่ายเฝ้าระวังช้างป่าและสัตว์ป่าออกนอกพื้นที่อนุรักษ์บ้านวันทอง,วันทอง,8,ตกพรม,ขลุง,จันทบุรี,21
136,อุทยานแห่งชาติเขาคิชฌกูฏ,กลุ่มป่าตะวันออก,เครือข่ายเฝ้าระวังช้างป่าและสัตว์ป่าออกนอกพื้นที่อนุรักษ์กลุ่มนาฬาคีริง,ชำตาเรือง,7,คลองพลู,เขาคิชฌกูฏ,จันทบุรี,27
137,อุทยานแห่งชาติเขาคิชฌกูฏ,กลุ่มป่าตะวันออก,เครือข่ายเฝ้าระวังช้างป่าและสัตว์ป่าออกนอกพื้นที่อนุรักษ์กลุ่มคชสาร,บ้านน้ำขุ่น,2,คลองพลู,เขาคิชฌกูฏ,จันทบุรี,21
138,อุทยานแห่งชาติเขาคิชฌกูฏ,กลุ่มป่าตะวันออก,เครือข่ายเฝ้าระวังช้างป่าและสัตว์ป่าออกนอกพื้นที่อนุรักษ์กลุ่มฉมันทีม,บ้านตะบกเตี้ย,7,ฉมัน,มะขาม,จันทบุรี,31
139,อุทยานแห่งชาติเขาคิชฌกูฏ,กลุ่มป่าตะวันออก,เครือข่ายเฝ้าระวังช้างป่าและสัตว์ป่าออกนอกพื้นที่อนุรักษ์กลุ่มชุดคลองพลู,บ้านคลองตาอิน,9,คลองพลู,เขาคิชฌกูฏ,จันทบุรี,26
140,อุทยานแห่งชาติเขาคิชฌกูฏ,กลุ่มป่าตะวันออก,เครือข่ายเฝ้าระวังช้างป่าและสัตว์ป่าออกนอกพื้นที่อนุรักษ์กลุ่มเพื่อนช้าง 69,บ้านแกลง,10,วังแซ้ม,มะขาม,จันทบุรี,33
141,ขสป.สลักพระ,กลุ่มป่าตะวันตก,เครือข่ายเฝ้าระวังช้างป่าและสัตว์ป่าออกนอกพื้นที่อนุรักษ์ บ้านโป่งปัด,โป่งปัด,3,ช่องสะเดา,เมือง,กาญจนบุรี,10
142,ขสป.สลักพระ,กลุ่มป่าตะวันตก,เครือข่ายเฝ้าระวังช้างป่าและสัตว์ป่าออกนอกพื้นที่อนุรักษ์บ้าน แก่งปลากด,แก่งปลากด,5,ช่องสะเดา,เมือง,กาญจนบุรี,10
143,ขสป.สลักพระ,กลุ่มป่าตะวันตก,เครือข่ายเฝ้าระวังช้างป่าและสัตว์ป่าออกนอกพื้นที่อนุรักษ์ บ้านวังจาน,วังจาน,8,วังด้ง,เมือง,กาญจนบุรี,16
144,ขสป.สลักพระ,กลุ่มป่าตะวันตก,เครือข่ายเฝ้าระวังช้างป่าและสัตว์ป่าออกนอกพื้นที่อนุรักษ์ บ้านหนองหอย,หนองหอย,4,วังด้ง,เมือง,กาญจนบุรี,10
145,ขสป.สลักพระ,กลุ่มป่าตะวันตก,เครือข่ายเฝ้าระวังช้างป่าและสัตว์ป่าออกนอกพื้นที่อนุรักษ์ บ้านหินดาด,บ้านหินดาด,7,วังด้ง,เมือง,กาญจนบุรี,10
146,ขสป.สลักพระ,กลุ่มป่าตะวันตก,เครือข่ายเฝ้าระวังช้างป่าและสัตว์ป่าออกนอกพื้นที่อนุรักษ์ บ้านเขาพุล้อม,เขาพุล้อม,12,วังด้ง,เมือง,กาญจนบุรี,10
147,ขสป.สลักพระ,กลุ่มป่าตะวันตก,เครือข่ายเฝ้าระวังช้างป่าและสัตว์ป่าออกนอกพื้นที่อนุรักษ์ บ้านโป่งรี,โป่งรี,6,หนองรี,บ่อพลอย,กาญจนบุรี,10
148,ขสป.สลักพระ,กลุ่มป่าตะวันตก,เครือข่ายเฝ้าระวังช้างป่าและสัตว์ป่าออกนอกพื้นที่อนุรักษ์ บ้านลำอีซู,ลำอีซู,7,หนองรี,บ่อพลอย,กาญจนบุรี,11
149,ขสป.สลักพระ,กลุ่มป่าตะวันตก,เครือข่ายเฝ้าระวังช้างป่าและสัตว์ป่าออกนอกพื้นที่อนุรักษ์ บ้านหนองพุพระ,บ้านหนองพุพระ,9,ช่องด่าน,บ่อพลอย,กาญจนบุรี,10
150,ขสป.สลักพระ,กลุ่มป่าตะวันตก,เครือข่ายเฝ้าระวังช้างป่าและสัตว์ป่าออกนอกพื้นที่อนุรักษ์ บ้านเขาแดง,เขาแดง,6,ช่องด่าน,บ่อพลอย,กาญจนบุรี,24
151,ขสป.สลักพระ,กลุ่มป่าตะวันตก,เครือข่ายเฝ้าระวังช้างป่าและสัตว์ป่าออกนอกพื้นที่อนุรักษ์ บ้านขาสิงโต,เขาสิงโต,10,บ่อพลอย,บ่อพลอย,กาญจนบุรี,10
152,ขสป.สลักพระ,กลุ่มป่าตะวันตก,เครือข่ายเฝ้าระวังช้างป่าและสัตว์ป่าออกนอกพื้นที่อนุรักษ์ บ้านพุพรหม,บ้านพุพรหม,10,หนองกุ่ม,บ่อพลอย,กาญจนบุรี,10
153,ขสป.สลักพระ,กลุ่มป่าตะวันตก,เครือข่ายเฝ้าระวังช้างป่าและสัตว์ป่าออกนอกพื้นที่อนุรักษ์ บ้านเกาะบุก (หมู่ที่ 1),เกาะบุก,1,หนองเป็ด,ศรีสวัสดิ์    ,กาญจนบุรี,10
154,ขสป.สลักพระ,กลุ่มป่าตะวันตก,เครือข่ายเฝ้าระวังช้างป่าและสัตว์ป่าออกนอกพื้นที่อนุรักษ์ บ้านเกาะบุก (หมู่ที่ 2),เกาะบุก,2,หนองเป็ด,ศรีสวัสดิ์    ,กาญจนบุรี,10
155,ขสป.สลักพระ,กลุ่มป่าตะวันตก,เครือข่ายเฝ้าระวังช้างป่าและสัตว์ป่าออกนอกพื้นที่อนุรักษ์ บ้านทุ่งนา,บ้านทุ่งนา,4,หนองเป็ด,ศรีสวัสดิ์    ,กาญจนบุรี,10
156,อช.ทองผาภูมิ,กลุ่มป่าตะวันตก,เครือข่ายเฝ้าระวังช้างป่าและสัตว์ป่าออกนอกพื้นที่อนุรักษ์ บ้านปรังกาสี,ปรังกาสี,3,ท่าขนุน,ทองผาภูมิ,กาญจนบุรี,33
157,อช.ทองผาภูมิ,กลุ่มป่าตะวันตก,เครือข่ายเฝ้าระวังช้างป่าและสัตว์ป่าออกนอกพื้นที่อนุรักษ์ บ้านเสาหงษ์ ,เสารหงษ์ ,2,ท่าขนุน,ทองผาภูมิ,กาญจนบุรี,30
158,อช.ทองผาภูมิ,กลุ่มป่าตะวันตก,เครือข่ายเฝ้าระวังช้างป่าและสัตว์ป่าออกนอกพื้นที่อนุรักษ์ บ้านหม่องกะลา,หม่องกะลา,2,หินดาด,ทองผาภูมิ,กาญจนบุรี,30
159,อช.ทองผาภูมิ,กลุ่มป่าตะวันตก,เครือข่ายเฝ้าระวังช้างป่าและสัตว์ป่าออกนอกพื้นที่อนุรักษ์ บ้านไร่,บ้านไร่,6,ห้วยเขย่ง,ทองผาภูมิ,กาญจนบุรี,33
160,อช.ทองผาภูมิ,กลุ่มป่าตะวันตก,เครือข่ายเฝ้าระวังช้างป่าและสัตว์ป่าออกนอกพื้นที่อนุรักษ์ บ้านท่ามะเดื่อ,ท่ามะเดื่อ,1,ห้วยเขย่ง,ทองผาภูมิ,กาญจนบุรี,34
161,อช.ไทรโยค,กลุ่มป่าตะวันตก,เครือข่ายเฝ้าระวังช้างป่าและสัตว์ป่าออกนอกพื้นที่อนุรักษ์ บ้านกุยแหย่,บ้านกุยแหย่,2,ลิ่นถิ่น,ทองผาภูมิ,กาญจนบุรี,23
162,อช.ไทรโยค,กลุ่มป่าตะวันตก,เครือข่ายเฝ้าระวังช้างป่าและสัตว์ป่าออกนอกพื้นที่อนุรักษ์ บ้านสองแคว,บ้านสองแคว,5,ไทรโยค,ไทรโยค,กาญจนบุรี,21
163,อช.ไทรโยค,กลุ่มป่าตะวันตก,เครือข่ายเฝ้าระวังช้างป่าและสัตว์ป่าออกนอกพื้นที่อนุรักษ์ บ้านบ้องตี้น้อย,บ้านบ้องตี้น้อย,8,ไทรโยค,ไทรโยค,กาญจนบุรี,22
164,อช.ไทรโยค,กลุ่มป่าตะวันตก,เครือข่ายเฝ้าระวังช้างป่าและสัตว์ป่าออกนอกพื้นที่อนุรักษ์ บ้านดาวดึงส์,บ้านดาวดึงส์,6,ไทรโยค,ไทรโยค,กาญจนบุรี,28
165,อช.เขื่อนศรีนครินทร์,กลุ่มป่าตะวันตก,เครือข่ายเฝ้าระวังช้างป่าและสัตว์ป่าออกนอกพื้นที่อนุรักษ์ บ้านตีนตก,บ้านตีนตก,1,เขาโจด,ศรีสวัสดิ์,กาญจนบุรี,11
166,อช.เขื่อนศรีนครินทร์,กลุ่มป่าตะวันตก,เครือข่ายเฝ้าระวังช้างป่าและสัตว์ป่าออกนอกพื้นที่อนุรักษ์ บ้านไกรเกรียง,บ้านไกรเกรียง,3,เขาโจด,ศรีสวัสดิ์,กาญจนบุรี,10
167,อช.เขื่อนศรีนครินทร์,กลุ่มป่าตะวันตก,เครือข่ายเฝ้าระวังช้างป่าและสัตว์ป่าออกนอกพื้นที่อนุรักษ์ บ้านปลายนาสวน,ปลายนาสวน,1,นาสวน,ศรีสวัสดิ์,กาญจนบุรี,16
168,อช.เขื่อนศรีนครินทร์,กลุ่มป่าตะวันตก,เครือข่ายเฝ้าระวังช้างป่าและสัตว์ป่าออกนอกพื้นที่อนุรักษ์ บ้านองสิต,องสิต,4,นาสวน,ศรีสวัสดิ์,กาญจนบุรี,18
169,อช.เขื่อนศรีนครินทร์,กลุ่มป่าตะวันตก,เครือข่ายเฝ้าระวังช้างป่าและสัตว์ป่าออกนอกพื้นที่อนุรักษ์ บ้านสองงาน,บ้านสองงาน,6,สหกรณ์นิคม,ทองผาภูมิ,กาญจนบุรี,17
170,อช.เขื่อนศรีนครินทร์,กลุ่มป่าตะวันตก,เครือข่ายเฝ้าระวังช้างป่าและสัตว์ป่าออกนอกพื้นที่อนุรักษ์ บ้านห้วยสมจิตร,ห้วยสมจิตร,5,สหกรณ์นิคม,ทองผาภูมิ,กาญจนบุรี,16
171,อช.ลำคลองงู,กลุ่มป่าตะวันตก,เครือข่ายเฝ้าระวังช้างป่าและสัตว์ป่าออกนอกพื้นที่อนุรักษ์ บ้านห้วยเสือ,ห้วยเสือ,1,ชะแล,ทองผาภูมิ,กาญจนบุรี,19
172,อช.ลำคลองงู,กลุ่มป่าตะวันตก,เครือข่ายเฝ้าระวังช้างป่าและสัตว์ป่าออกนอกพื้นที่อนุรักษ์ บ้านภูเตย,ภูเตย,5,ชะแล,ทองผาภูมิ,กาญจนบุรี,31
173,อช.ลำคลองงู,กลุ่มป่าตะวันตก,เครือข่ายเฝ้าระวังช้างป่าและสัตว์ป่าออกนอกพื้นที่อนุรักษ์ บ้านชะอี้,ชะอี้,7,ชะแล,ทองผาภูมิ,กาญจนบุรี,15
174,อช.ลำคลองงู,กลุ่มป่าตะวันตก,เครือข่ายเฝ้าระวังช้างป่าและสัตว์ป่าออกนอกพื้นที่อนุรักษ์ บ้านองธิ,บ้านเสาหงษ์,2,ท่าขนุน,ทองผาภูมิ,กาญจนบุรี,26
175,อช.ลำคลองงู,กลุ่มป่าตะวันตก,เครือข่ายเฝ้าระวังช้างป่าและสัตว์ป่าออกนอกพื้นที่อนุรักษ์ บ้านดินโส,ดินโส,4,สหกรณ์นิคม,ทองผาภูมิ,กาญจนบุรี,20
176,อช.เฉลิมรัตนโกสินทร์,กลุ่มป่าตะวันตก,เครือข่ายเฝ้าระวังช้างป่าและสัตว์ป่าออกนอกพื้นที่อนุรักษ์ บ้านแสวงบ่า,บ้านแสวงบ่า  ,1,เขาโจด,ศรีสวัสดิ์    ,กาญจนบุรี,20
177,อช.เฉลิมรัตนโกสินทร์,กลุ่มป่าตะวันตก,เครือข่ายเฝ้าระวังช้างป่าและสัตว์ป่าออกนอกพื้นที่อนุรักษ์ บ้านเขาเหล็ก,บ้านเขาเหล็ก ,5,เขาโจด,ศรีสวัสดิ์    ,กาญจนบุรี,20
178,อช.เฉลิมรัตนโกสินทร์,กลุ่มป่าตะวันตก,เครือข่ายเฝ้าระวังช้างป่าและสัตว์ป่าออกนอกพื้นที่อนุรักษ์ บ้านท่าลำใย,บ้านท่าลำใย,4,เขาโจด,ศรีสวัสดิ์    ,กาญจนบุรี,20
179,อช.เฉลิมรัตนโกสินทร์,กลุ่มป่าตะวันตก,เครือข่ายเฝ้าระวังช้างป่าและสัตว์ป่าออกนอกพื้นที่อนุรักษ์ บ้านวังยาง,บ้านวังยาง ,7,หนองปรือ,หนองปรือ,กาญจนบุรี,20
180,อช.พุเตย,กลุ่มป่าตะวันออก,เครือข่ายเฝ้าระวังช้างป่าและสัตว์ป่าออกนอกพื้นที่อนุรักษ์บ้านป่าผาก,บ้านป่าผาก,2,วังยาว,ด่านช้าง,สุพรรณบุรี,15
181,ขสป.ภูเขียว,กลุ่มป่าภูเขียว-น้ำหนาว,เครือข่ายเฝ้าระวังช้างป่าและสัตว์ป่าออกนอกพื้นที่อนุรักษ์บ้านทุ่งลุยลาย,ทุ่งลุยลาย,1,ทุ่งลุยลาย,คอนสาร,ชัยภูมิ,11
182,ขสป.ภูเขียว,กลุ่มป่าภูเขียว-น้ำหนาว,เครือข่ายเฝ้าระวังช้างป่าและสัตว์ป่าออกนอกพื้นที่อนุรักษ์ บ้านโนนศิลา,โนนศิลา,6,ทุ่งลุยลาย,คอนสาร,ชัยภูมิ,11
183,ขสป.ภูเขียว,กลุ่มป่าภูเขียว-น้ำหนาว,เครือข่ายเฝ้าระวังช้างป่าและสัตว์ป่าออกนอกพื้นที่อนุรักษ์บ้านร่องแว่,ร่องแว่,2,ทุ่งลุยลาย,คอนสาร,ชัยภูมิ,13
184,ขสป.ดงใหญ่,กลุ่มป่าภูเขียว-น้ำหนาว,เครือข่ายเฝ้าระวังช้างป่าและสัตว์ป่าออกนอกพื้นที่อนุรักษ์บ้านโคกเพชร,โคกเพชร,"2,",ลำนางรอง,โนนดินแดง,บุรีรัมย์,15
185,ขสป.ดงใหญ่,กลุ่มป่าภูเขียว-น้ำหนาว,เครือข่ายเฝ้าระวังช้างป่าและสัตว์ป่าออกนอกพื้นที่อนุรักษ์บ้านโคกเพชร,โคกเพชร,14,ลำนางรอง,โนนดินแดง,บุรีรัมย์,
186,ขสป.ดงใหญ่,กลุ่มป่าภูเขียว-น้ำหนาว,เครือข่ายเฝ้าระวังช้างป่าและสัตว์ป่าออกนอกพื้นที่อนุรักษ์บ้านคลองหิน ,คลองหิน,4,ลำนางรอง,โนนดินแดง,บุรีรัมย์,13
187,ขสป.ดงใหญ่,กลุ่มป่าภูเขียว-น้ำหนาว,เครือข่ายเฝ้าระวังช้างป่าและสัตว์ป่าออกนอกพื้นที่อนุรักษ์บ้านคลองหินลาด ,คลองหินลาด,9,ลำนางรอง,โนนดินแดง,บุรีรัมย์,14
188,ขสป.ดงใหญ่,กลุ่มป่าภูเขียว-น้ำหนาว,เครือข่ายเฝ้าระวังช้างป่าและสัตว์ป่าออกนอกพื้นที่อนุรักษ์บ้านหนองบอน-ฐานเจ้าป่า,ฐานเจ้าป่า,12,ลำนางรอง,โนนดินแดง,บุรีรัมย์,16
189,ขสป.ดงใหญ่,กลุ่มป่าภูเขียว-น้ำหนาว,เครือข่ายเฝ้าระวังช้างป่าและสัตว์ป่าออกนอกพื้นที่อนุรักษ์บ้านคลองโป่ง-เขากระเจียว,เขากระเจียว,13,ลำนางรอง,โนนดินแดง,บุรีรัมย์,30
190,ขสป.ดงใหญ่,กลุ่มป่าภูเขียว-น้ำหนาว,เครือข่ายเฝ้าระวังช้างป่าและสัตว์ป่าออกนอกพื้นที่อนุรักษ์บ้านซับสมบูรณ์,ซับสมบูรณ์ ,10,โนนดินแดง,โนนดินแดง,บุรีรัมย์,24
191,ขสป.ดงใหญ่,กลุ่มป่าภูเขียว-น้ำหนาว,เครือข่ายเฝ้าระวังช้างป่าและสัตว์ป่าออกนอกพื้นที่อนุรักษ์ซับประดู่ ,ซับประดู่,14,หูทำนบ,ปะคำ,บุรีรัมย์,20
192,ขสป.ภูค้อ-ภูกระแต,กลุ่มป่าภูเขียว-น้ำหนาว,เครือข่ายเฝ้าระวังช้างป่าและสัตว์ป่าออกนอกพื้นที่อนุรักษ์ บ้านห้วยส้ม,ห้วยส้ม,1,ห้วยส้ม,ภูกระดึง,เลย,14
193,ขสป.ภูค้อ-ภูกระแต,กลุ่มป่าภูเขียว-น้ำหนาว,เครือข่ายเฝ้าระวังช้างป่าและสัตว์ป่าออกนอกพื้นที่อนุรักษ์ บ้านผาหวาย,ผาหวาย,3,ปวนพุ,หนองหิน,เลย,14
194,ขสป.ภูหลวง,กลุ่มป่าภูเขียว-น้ำหนาว,เครือข่ายเฝ้าระวังช้างป่าและสัตว์ป่าออกนอกพื้นที่อนุรักษ์ ตำบลหนองบัว,บ้านแก่งไฮ,3,ท่าศาลา,ภูเรือ,เลย,43
195,ขสป.ภูหลวง,กลุ่มป่าภูเขียว-น้ำหนาว,เครือข่ายเฝ้าระวังช้างป่าและสัตว์ป่าออกนอกพื้นที่อนุรักษ์ ตำบลหนองบัว,บ้านบวมหก,4,ท่าศาลา,ภูเรือ,เลย,
196,ขสป.ภูหลวง,กลุ่มป่าภูเขียว-น้ำหนาว,เครือข่ายเฝ้าระวังช้างป่าและสัตว์ป่าออกนอกพื้นที่อนุรักษ์ ตำบลหนองบัว,บ้านหนองบก,5,ท่าศาลา,ภูเรือ,เลย,
197,ขสป.ภูหลวง,กลุ่มป่าภูเขียว-น้ำหนาว,เครือข่ายเฝ้าระวังช้างป่าและสัตว์ป่าออกนอกพื้นที่อนุรักษ์ ตำบลท่าศาลา ,บ้านบง,1,ท่าศาลา,ภูเรือ,เลย,21
198,ขสป.ภูหลวง,กลุ่มป่าภูเขียว-น้ำหนาว,เครือข่ายเฝ้าระวังช้างป่าและสัตว์ป่าออกนอกพื้นที่อนุรักษ์ ตำบลท่าศาลา ,บ้านแก่งม่วง,2,ท่าศาลา,ภูเรือ,เลย,
199,ขสป.ภูหลวง,กลุ่มป่าภูเขียว-น้ำหนาว,เครือข่ายเฝ้าระวังช้างป่าและสัตว์ป่าออกนอกพื้นที่อนุรักษ์ ตำบลท่าศาลา ,บ้านนาน้อย,3,ท่าศาลา,ภูเรือ,เลย,
200,ขสป.ภูหลวง,กลุ่มป่าภูเขียว-น้ำหนาว,เครือข่ายเฝ้าระวังช้างป่าและสัตว์ป่าออกนอกพื้นที่อนุรักษ์ ตำบลท่าศาลา ,บ้านโนนสว่าง,4,ท่าศาลา,ภูเรือ,เลย,
201,ขสป.ภูหลวง,กลุ่มป่าภูเขียว-น้ำหนาว,เครือข่ายเฝ้าระวังช้างป่าและสัตว์ป่าออกนอกพื้นที่อนุรักษ์ ตำบลท่าศาลา ,บ้านท่าศาลา,5,ท่าศาลา,ภูเรือ,เลย,
202,ขสป.ภูหลวง,กลุ่มป่าภูเขียว-น้ำหนาว,เครือข่ายเฝ้าระวังช้างป่าและสัตว์ป่าออกนอกพื้นที่อนุรักษ์ ตำบลท่าศาลา ,บ้านท่อน,6,ท่าศาลา,ภูเรือ,เลย,
203,ขสป.ภูหลวง,กลุ่มป่าภูเขียว-น้ำหนาว,เครือข่ายเฝ้าระวังช้างป่าและสัตว์ป่าออกนอกพื้นที่อนุรักษ์ ตำบลท่าศาลา ,บ้านสำราญ,7,ท่าศาลา,ภูเรือ,เลย,
204,ขสป.ภูหลวง,กลุ่มป่าภูเขียว-น้ำหนาว,เครือข่ายเฝ้าระวังช้างป่าและสัตว์ป่าออกนอกพื้นที่อนุรักษ์ ตำบลสานตม,บ้านสานตม,1,สานตม,ภูเรือ,เลย,27
205,ขสป.ภูหลวง,กลุ่มป่าภูเขียว-น้ำหนาว,เครือข่ายเฝ้าระวังช้างป่าและสัตว์ป่าออกนอกพื้นที่อนุรักษ์ ตำบลสานตม,บ้านหนองแซง,2,สานตม,ภูเรือ,เลย,
206,ขสป.ภูหลวง,กลุ่มป่าภูเขียว-น้ำหนาว,เครือข่ายเฝ้าระวังช้างป่าและสัตว์ป่าออกนอกพื้นที่อนุรักษ์ ตำบลสานตม,บ้านถ้ำมูล,4,สานตม,ภูเรือ,เลย,
207,ขสป.ภูหลวง,กลุ่มป่าภูเขียว-น้ำหนาว,เครือข่ายเฝ้าระวังช้างป่าและสัตว์ป่าออกนอกพื้นที่อนุรักษ์ ตำบลสานตม,บ้านโนนสะอาด,6,สานตม,ภูเรือ,เลย,
208,ขสป.ภูหลวง,กลุ่มป่าภูเขียว-น้ำหนาว,เครือข่ายเฝ้าระวังช้างป่าและสัตว์ป่าออกนอกพื้นที่อนุรักษ์ ตำบลสานตม,บ้านโนนสมบูรณ์,7,สานตม,ภูเรือ,เลย,
209,ขสป.ภูหลวง,กลุ่มป่าภูเขียว-น้ำหนาว,เครือข่ายเฝ้าระวังช้างป่าและสัตว์ป่าออกนอกพื้นที่อนุรักษ์ ตำบลสานตม,บ้านม่วงไข่,8,สานตม,ภูเรือ,เลย,
210,ขสป.ภูหลวง,กลุ่มป่าภูเขียว-น้ำหนาว,เครือข่ายเฝ้าระวังช้างป่าและสัตว์ป่าออกนอกพื้นที่อนุรักษ์ ตำบลสานตม,บ้านโคนผง,9,สานตม,ภูเรือ,เลย,
211,ขสป.ภูหลวง,กลุ่มป่าภูเขียว-น้ำหนาว,เครือข่ายเฝ้าระวังช้างป่าและสัตว์ป่าออกนอกพื้นที่อนุรักษ์ ตำบลปลาบ่า,บ้านปลาบ่า,1,ปลาบ่า,ภูเรือ,เลย,43
212,ขสป.ภูหลวง,กลุ่มป่าภูเขียว-น้ำหนาว,เครือข่ายเฝ้าระวังช้างป่าและสัตว์ป่าออกนอกพื้นที่อนุรักษ์ ตำบลปลาบ่า,บ้านสองคอน,2,ปลาบ่า,ภูเรือ,เลย,
213,ขสป.ภูหลวง,กลุ่มป่าภูเขียว-น้ำหนาว,เครือข่ายเฝ้าระวังช้างป่าและสัตว์ป่าออกนอกพื้นที่อนุรักษ์ ตำบลปลาบ่า,บ้านกลาง,3,ปลาบ่า,ภูเรือ,เลย,
214,ขสป.ภูหลวง,กลุ่มป่าภูเขียว-น้ำหนาว,เครือข่ายเฝ้าระวังช้างป่าและสัตว์ป่าออกนอกพื้นที่อนุรักษ์ ตำบลปลาบ่า,บ้านโป่งกวาง,4,ปลาบ่า,ภูเรือ,เลย,
215,ขสป.ภูหลวง,กลุ่มป่าภูเขียว-น้ำหนาว,เครือข่ายเฝ้าระวังช้างป่าและสัตว์ป่าออกนอกพื้นที่อนุรักษ์ ตำบลปลาบ่า,บ้านตาดสาน,5,ปลาบ่า,ภูเรือ,เลย,
216,ขสป.ภูหลวง,กลุ่มป่าภูเขียว-น้ำหนาว,เครือข่ายเฝ้าระวังช้างป่าและสัตว์ป่าออกนอกพื้นที่อนุรักษ์ ตำบลปลาบ่า,บ้านหินสอ,6,ปลาบ่า,ภูเรือ,เลย,
217,ขสป.ภูหลวง,กลุ่มป่าภูเขียว-น้ำหนาว,เครือข่ายเฝ้าระวังช้างป่าและสัตว์ป่าออกนอกพื้นที่อนุรักษ์ ตำบลปลาบ่า,บ้านน้ำทบ,7,ปลาบ่า,ภูเรือ,เลย,
218,ขสป.ภูหลวง,กลุ่มป่าภูเขียว-น้ำหนาว,เครือข่ายเฝ้าระวังช้างป่าและสัตว์ป่าออกนอกพื้นที่อนุรักษ์ ตำบลร่องจิก,บ้านแก่ง,1,ร่องจิก,ภูเรือ,เลย,20
219,ขสป.ภูหลวง,กลุ่มป่าภูเขียว-น้ำหนาว,เครือข่ายเฝ้าระวังช้างป่าและสัตว์ป่าออกนอกพื้นที่อนุรักษ์ ตำบลร่องจิก,บ้านร่องจิก,2,ร่องจิก,ภูเรือ,เลย,
220,ขสป.ภูหลวง,กลุ่มป่าภูเขียว-น้ำหนาว,เครือข่ายเฝ้าระวังช้างป่าและสัตว์ป่าออกนอกพื้นที่อนุรักษ์ ตำบลร่องจิก,บ้านนาขามป้อม,4,ร่องจิก,ภูเรือ,เลย,
221,ขสป.ภูหลวง,กลุ่มป่าภูเขียว-น้ำหนาว,เครือข่ายเฝ้าระวังช้างป่าและสัตว์ป่าออกนอกพื้นที่อนุรักษ์ ตำบลโพนสูง,บ้านหัวฝาย,2,โพนสูง,ด่านซ้าย,เลย,38
222,ขสป.ภูหลวง,กลุ่มป่าภูเขียว-น้ำหนาว,เครือข่ายเฝ้าระวังช้างป่าและสัตว์ป่าออกนอกพื้นที่อนุรักษ์ ตำบลโพนสูง,บ้านห้วยทอง,3,โพนสูง,ด่านซ้าย,เลย,
223,ขสป.ภูหลวง,กลุ่มป่าภูเขียว-น้ำหนาว,เครือข่ายเฝ้าระวังช้างป่าและสัตว์ป่าออกนอกพื้นที่อนุรักษ์ ตำบลโพนสูง,บ้านกกโพธิ์วังก่ำ,4,โพนสูง,ด่านซ้าย,เลย,
224,ขสป.ภูหลวง,กลุ่มป่าภูเขียว-น้ำหนาว,เครือข่ายเฝ้าระวังช้างป่าและสัตว์ป่าออกนอกพื้นที่อนุรักษ์ ตำบลโพนสูง,บ้านนากิน,7,โพนสูง,ด่านซ้าย,เลย,
225,ขสป.ภูหลวง,กลุ่มป่าภูเขียว-น้ำหนาว,เครือข่ายเฝ้าระวังช้างป่าและสัตว์ป่าออกนอกพื้นที่อนุรักษ์ ตำบลโพนสูง,บ้านนาลานข้าว,9,โพนสูง,ด่านซ้าย,เลย,
226,ขสป.ภูหลวง,กลุ่มป่าภูเขียว-น้ำหนาว,เครือข่ายเฝ้าระวังช้างป่าและสัตว์ป่าออกนอกพื้นที่อนุรักษ์ ตำบลวังยาว,บ้านวังยาว,3,วังยาว,ด่านซ้าย,เลย,24
227,ขสป.ภูหลวง,กลุ่มป่าภูเขียว-น้ำหนาว,เครือข่ายเฝ้าระวังช้างป่าและสัตว์ป่าออกนอกพื้นที่อนุรักษ์ ตำบลวังยาว,บ้านปากแดง,4,วังยาว,ด่านซ้าย,เลย,
228,ขสป.ภูหลวง,กลุ่มป่าภูเขียว-น้ำหนาว,เครือข่ายเฝ้าระวังช้างป่าและสัตว์ป่าออกนอกพื้นที่อนุรักษ์ ตำบลวังยาว,บ้านกกสะตี,5,วังยาว,ด่านซ้าย,เลย,
229,ขสป.ภูหลวง,กลุ่มป่าภูเขียว-น้ำหนาว,เครือข่ายเฝ้าระวังช้างป่าและสัตว์ป่าออกนอกพื้นที่อนุรักษ์ ตำบลวังยาว,บ้านวังเวิน,6,วังยาว,ด่านซ้าย,เลย,
230,ขสป.ภูหลวง,กลุ่มป่าภูเขียว-น้ำหนาว,เครือข่ายเฝ้าระวังช้างป่าและสัตว์ป่าออกนอกพื้นที่อนุรักษ์  บ้านศรีเจริญ หมู่ 8 , บ้านศรีเจริญ,8,เลยวังไสย์,ภูหลวง,เลย,24
231,ขสป.ภูหลวง,กลุ่มป่าภูเขียว-น้ำหนาว,เครือข่ายเฝ้าระวังช้างป่าและสัตว์ป่าออกนอกพื้นที่อนุรักษ์ ตำบลเลยวังไสย์,บ้านเลยวังไสย์,1,เลยวังไสย์,ภูหลวง,เลย,20
232,ขสป.ภูหลวง,กลุ่มป่าภูเขียว-น้ำหนาว,เครือข่ายเฝ้าระวังช้างป่าและสัตว์ป่าออกนอกพื้นที่อนุรักษ์ ตำบลเลยวังไสย์,บ้านเลยตาวตาด,2,เลยวังไสย์,ภูหลวง,เลย,
233,ขสป.ภูหลวง,กลุ่มป่าภูเขียว-น้ำหนาว,เครือข่ายเฝ้าระวังช้างป่าและสัตว์ป่าออกนอกพื้นที่อนุรักษ์ ตำบลเลยวังไสย์,บ้านโคกหนองแห้ว,3,เลยวังไสย์,ภูหลวง,เลย,
234,ขสป.ภูหลวง,กลุ่มป่าภูเขียว-น้ำหนาว,เครือข่ายเฝ้าระวังช้างป่าและสัตว์ป่าออกนอกพื้นที่อนุรักษ์ ตำบลภูหอ,บ้านหนองบัว,1,ภูหอ,ภูหลวง,เลย,48
235,ขสป.ภูหลวง,กลุ่มป่าภูเขียว-น้ำหนาว,เครือข่ายเฝ้าระวังช้างป่าและสัตว์ป่าออกนอกพื้นที่อนุรักษ์ ตำบลภูหอ,บ้านน้ำคู่,2,ภูหอ,ภูหลวง,เลย,
236,ขสป.ภูหลวง,กลุ่มป่าภูเขียว-น้ำหนาว,เครือข่ายเฝ้าระวังช้างป่าและสัตว์ป่าออกนอกพื้นที่อนุรักษ์ ตำบลภูหอ,บ้านหนองบัวน้อย,3,ภูหอ,ภูหลวง,เลย,
237,ขสป.ภูหลวง,กลุ่มป่าภูเขียว-น้ำหนาว,เครือข่ายเฝ้าระวังช้างป่าและสัตว์ป่าออกนอกพื้นที่อนุรักษ์ ตำบลภูหอ,บ้านวังมน,4,ภูหอ,ภูหลวง,เลย,
238,ขสป.ภูหลวง,กลุ่มป่าภูเขียว-น้ำหนาว,เครือข่ายเฝ้าระวังช้างป่าและสัตว์ป่าออกนอกพื้นที่อนุรักษ์ ตำบลแก่งศรีภูมิ,บ้านฟากเลย,1,แก่งศรีภูมิ,ภูหลวง,เลย,39
239,ขสป.ภูหลวง,กลุ่มป่าภูเขียว-น้ำหนาว,เครือข่ายเฝ้าระวังช้างป่าและสัตว์ป่าออกนอกพื้นที่อนุรักษ์ ตำบลแก่งศรีภูมิ,บ้านเทพนิมิตร,2,แก่งศรีภูมิ,ภูหลวง,เลย,
240,ขสป.ภูหลวง,กลุ่มป่าภูเขียว-น้ำหนาว,เครือข่ายเฝ้าระวังช้างป่าและสัตว์ป่าออกนอกพื้นที่อนุรักษ์ ตำบลแก่งศรีภูมิ,บ้านใหม่พัฒนา,3,แก่งศรีภูมิ,ภูหลวง,เลย,
241,ขสป.ภูหลวง,กลุ่มป่าภูเขียว-น้ำหนาว,เครือข่ายเฝ้าระวังช้างป่าและสัตว์ป่าออกนอกพื้นที่อนุรักษ์ ตำบลแก่งศรีภูมิ,บ้านแก่งศรีภูมิ,4,แก่งศรีภูมิ,ภูหลวง,เลย,
242,ขสป.ภูหลวง,กลุ่มป่าภูเขียว-น้ำหนาว,เครือข่ายเฝ้าระวังช้างป่าและสัตว์ป่าออกนอกพื้นที่อนุรักษ์ ตำบลแก่งศรีภูมิ,บ้านนาดินดำ,5,แก่งศรีภูมิ,ภูหลวง,เลย,
243,ขสป.ภูหลวง,กลุ่มป่าภูเขียว-น้ำหนาว,เครือข่ายเฝ้าระวังช้างป่าและสัตว์ป่าออกนอกพื้นที่อนุรักษ์ ตำบลแก่งศรีภูมิ,บ้านห้วยน้ำอุ่น,6,แก่งศรีภูมิ,ภูหลวง,เลย,
244,ขสป.ภูหลวง,กลุ่มป่าภูเขียว-น้ำหนาว,เครือข่ายเฝ้าระวังช้างป่าและสัตว์ป่าออกนอกพื้นที่อนุรักษ์ ตำบลแก่งศรีภูมิ,บ้านสวนปอ,7,แก่งศรีภูมิ,ภูหลวง,เลย,
245,ขสป.ภูหลวง,กลุ่มป่าภูเขียว-น้ำหนาว,เครือข่ายเฝ้าระวังช้างป่าและสัตว์ป่าออกนอกพื้นที่อนุรักษ์ ตำบลแก่งศรีภูมิ,บ้านหนองขอนแก่น,8,แก่งศรีภูมิ,ภูหลวง,เลย,
246,ขสป.ภูหลวง,กลุ่มป่าภูเขียว-น้ำหนาว,เครือข่ายเฝ้าระวังช้างป่าและสัตว์ป่าออกนอกพื้นที่อนุรักษ์ ตำบลเขาหลวง,บ้านแก่งหิน,4,เขาหลวง,วังสะพุง,เลย,21
247,ขสป.ภูหลวง,กลุ่มป่าภูเขียว-น้ำหนาว,เครือข่ายเฝ้าระวังช้างป่าและสัตว์ป่าออกนอกพื้นที่อนุรักษ์ ตำบลเขาหลวง,บ้านนาซำแซง,5,เขาหลวง,วังสะพุง,เลย,
248,ขสป.ภูหลวง,กลุ่มป่าภูเขียว-น้ำหนาว,เครือข่ายเฝ้าระวังช้างป่าและสัตว์ป่าออกนอกพื้นที่อนุรักษ์ ตำบลเขาหลวง,บ้านนาซำแซง,6,เขาหลวง,วังสะพุง,เลย,
249,ขสป.ภูหลวง,กลุ่มป่าภูเขียว-น้ำหนาว,เครือข่ายเฝ้าระวังช้างป่าและสัตว์ป่าออกนอกพื้นที่อนุรักษ์ ตำบลเขาหลวง,บ้านขอนแก่น,7,เขาหลวง,วังสะพุง,เลย,
250,ขสป.ภูหลวง,กลุ่มป่าภูเขียว-น้ำหนาว,เครือข่ายเฝ้าระวังช้างป่าและสัตว์ป่าออกนอกพื้นที่อนุรักษ์ ตำบลเขาหลวง,บ้านน้ำทบ,8,เขาหลวง,วังสะพุง,เลย,
251,ขสป.ภูหลวง,กลุ่มป่าภูเขียว-น้ำหนาว,เครือข่ายเฝ้าระวังช้างป่าและสัตว์ป่าออกนอกพื้นที่อนุรักษ์ ตำบลเขาหลวง,บ้านยาหลวง,9,เขาหลวง,วังสะพุง,เลย,
252,ขสป.ภูหลวง,กลุ่มป่าภูเขียว-น้ำหนาว,เครือข่ายเฝ้าระวังช้างป่าและสัตว์ป่าออกนอกพื้นที่อนุรักษ์ ตำบลเขาหลวง,บ้านบางเดี๋ยว,10,เขาหลวง,วังสะพุง,เลย,
253,ขสป.ภูหลวง,กลุ่มป่าภูเขียว-น้ำหนาว,เครือข่ายเฝ้าระวังช้างป่าและสัตว์ป่าออกนอกพื้นที่อนุรักษ์ ตำบลเขาหลวง,บ้านโนนสวรรค์,11,เขาหลวง,วังสะพุง,เลย,
254,ขสป.ภูหลวง,กลุ่มป่าภูเขียว-น้ำหนาว,เครือข่ายเฝ้าระวังช้างป่าและสัตว์ป่าออกนอกพื้นที่อนุรักษ์ ตำบลน้ำทูน-ตำบลโคกใหญ่,บ้านน้ำมี,1,น้ำทูน,ท่าลี่,เลย,45
255,ขสป.ภูหลวง,กลุ่มป่าภูเขียว-น้ำหนาว,เครือข่ายเฝ้าระวังช้างป่าและสัตว์ป่าออกนอกพื้นที่อนุรักษ์ ตำบลน้ำทูน-ตำบลโคกใหญ่,บ้านหนองบง,2,น้ำทูน,ท่าลี่,เลย,
256,ขสป.ภูหลวง,กลุ่มป่าภูเขียว-น้ำหนาว,เครือข่ายเฝ้าระวังช้างป่าและสัตว์ป่าออกนอกพื้นที่อนุรักษ์ ตำบลน้ำทูน-ตำบลโคกใหญ่,ตำบลน้ำทูน,4,น้ำทูน,ท่าลี่,เลย,
257,ขสป.ภูหลวง,กลุ่มป่าภูเขียว-น้ำหนาว,เครือข่ายเฝ้าระวังช้างป่าและสัตว์ป่าออกนอกพื้นที่อนุรักษ์ ตำบลน้ำทูน-ตำบลโคกใหญ่,บ้านห้วยไคร้,6,น้ำทูน,ท่าลี่,เลย,
258,ขสป.ภูหลวง,กลุ่มป่าภูเขียว-น้ำหนาว,เครือข่ายเฝ้าระวังช้างป่าและสัตว์ป่าออกนอกพื้นที่อนุรักษ์ ตำบลน้ำทูน-ตำบลโคกใหญ่,ตำบลโคกใหญ่,8,น้ำทูน,ท่าลี่,เลย,
259,ขสป.ภูหลวง,กลุ่มป่าภูเขียว-น้ำหนาว,เครือข่ายเฝ้าระวังช้างป่าและสัตว์ป่าออกนอกพื้นที่อนุรักษ์ตำบลด่านซ้าย,บ้านนาหว้า,4,ด่านซ้าย,ด่านซ้าย,เลย,26
260,ขสป.ภูหลวง,กลุ่มป่าภูเขียว-น้ำหนาว,เครือข่ายเฝ้าระวังช้างป่าและสัตว์ป่าออกนอกพื้นที่อนุรักษ์ตำบลด่านซ้าย,บ้านก้างปลา,5,ด่านซ้าย,ด่านซ้าย,เลย,
261,ขสป.ภูหลวง,กลุ่มป่าภูเขียว-น้ำหนาว,เครือข่ายเฝ้าระวังช้างป่าและสัตว์ป่าออกนอกพื้นที่อนุรักษ์ตำบลด่านซ้าย,บ้านน้ำพุ,6,ด่านซ้าย,ด่านซ้าย,เลย,
262,ขสป.ภูหลวง,กลุ่มป่าภูเขียว-น้ำหนาว,เครือข่ายเฝ้าระวังช้างป่าและสัตว์ป่าออกนอกพื้นที่อนุรักษ์ตำบลด่านซ้าย,บ้านหัวนายูง,14,ด่านซ้าย,ด่านซ้าย,เลย,
263,ขสป.ภูหลวง,กลุ่มป่าภูเขียว-น้ำหนาว,เครือข่ายเฝ้าระวังช้างป่าและสัตว์ป่าออกนอกพื้นที่อนุรักษ์ตำบลด่านซ้าย,บ้านศาลาน้อย,15,ด่านซ้าย,ด่านซ้าย,เลย,
264,ขสป.ภูหลวง,กลุ่มป่าภูเขียว-น้ำหนาว,เครือข่ายเฝ้าระวังช้างป่าและสัตว์ป่าออกนอกพื้นที่อนุรักษ์ บ้านศรีอุบล หมู่ 4 ,บ้านศรีอุบล,4,ภูหอ,ภูหลวง,เลย,21
265,อช.ภูกระดึง,กลุ่มป่าภูเขียว-น้ำหนาว,เครือข่ายเฝ้าระวังช้างป่าและสัตว์ป่าออกนอกพื้นที่อนุรักษ์ บ้านนาแปน หมู่ 2,นาแปน,2,ศรีฐาน,ภูกระดึง,เลย,20
266,อช.ภูกระดึง,กลุ่มป่าภูเขียว-น้ำหนาว,เครือข่ายเฝ้าระวังช้างป่าและสัตว์ป่าออกนอกพื้นที่อนุรักษ์ บ้านอีเลิศ หมู่ 3 และบ้านอีเลิศใต้ หมู่ 13,อีเลิศ,3,ศรีฐาน,ภูกระดึง,เลย,20
267,อช.ภูกระดึง,กลุ่มป่าภูเขียว-น้ำหนาว,เครือข่ายเฝ้าระวังช้างป่าและสัตว์ป่าออกนอกพื้นที่อนุรักษ์ บ้านอีเลิศ หมู่ 3 และบ้านอีเลิศใต้ หมู่ 14,อีเลิศใต้,13,ศรีฐาน,ภูกระดึง,เลย,
268,อช.ภูกระดึง,กลุ่มป่าภูเขียว-น้ำหนาว,เครือข่ายเฝ้าระวังช้างป่าและสัตว์ป่าออกนอกพื้นที่อนุรักษ์ บ้านพองหนีบ หมู่ 5,พองหนีบ,5,ศรีฐาน,ภูกระดึง,เลย,20
269,อช.ภูกระดึง,กลุ่มป่าภูเขียว-น้ำหนาว,เครือข่ายเฝ้าระวังช้างป่าและสัตว์ป่าออกนอกพื้นที่อนุรักษ์ บ้านวังยาง หมู่ 4,วังยาง,4,ศรีฐาน,ภูกระดึง,เลย,20
270,อช.ภูกระดึง,กลุ่มป่าภูเขียว-น้ำหนาว,เครือข่ายเฝ้าระวังช้างป่าและสัตว์ป่าออกนอกพื้นที่อนุรักษ์ บ้านนาแปนเหนือ หมู่ 14,นาแปนเหนือ,14,ศรีฐาน,ภูกระดึง,เลย,20
271,อช.น้ำหนาว,กลุ่มป่าภูเขียว-น้ำหนาว,เครือข่ายเฝ้าระวังช้างป่าและสัตว์ป่าออกนอกพื้นที่อนุรักษ์บ้านทรัพย์สว่าง,ทรัพย์สว่าง,3,น้ำหนาว,น้ำหนาว,เพชรบูรณ์,20
272,อช.น้ำหนาว,กลุ่มป่าภูเขียว-น้ำหนาว,เครือข่ายเฝ้าระวังช้างป่าและสัตว์ป่าออกนอกพื้นที่อนุรักษ์บ้านนาพอสอง หมู่ 4,นาพอสอง,4,น้ำหนาว,น้ำหนาว,เพชรบูรณ์,30
273,อช.น้ำหนาว,กลุ่มป่าภูเขียว-น้ำหนาว,เครือข่ายเฝ้าระวังช้างป่าและสัตว์ป่าออกนอกพื้นที่อนุรักษ์ บ้านนาพอสอง หมู่ 5,นาพอสอง,5,น้ำหนาว,น้ำหนาว,เพชรบูรณ์,21
274,อช.น้ำหนาว,กลุ่มป่าภูเขียว-น้ำหนาว,เครือข่ายเฝ้าระวังช้างป่าและสัตว์ป่าออกนอกพื้นที่อนุรักษ์ บ้านซำม่วง ,ซำม่วง,5,วังกวาง,น้ำหนาว,เพชรบูรณ์,25
275,อช.น้ำหนาว,กลุ่มป่าภูเขียว-น้ำหนาว,เครือข่ายเฝ้าระวังช้างป่าและสัตว์ป่าออกนอกพื้นที่อนุรักษ์ บ้านผาลาน้อย  ,ผาลาน้อย,8,วังกวาง,น้ำหนาว,เพชรบูรณ์,20
276,ขสป.ห้วยขาแข้ง,กลุ่มป่าตะวันตก,เครือข่ายเฝ้าระวังช้างป่าและสัตว์ป่าออกนอกพื้นที่อนุรักษ์บ้าน เขาเขียว บ้านไผ่งาม บ้านบึงเจริญ และบ้านเขามะตูม,บ้านเขาเขียว ,14,ระบำ,ลานสัก,อุทัยธานี,93
277,ขสป.ห้วยขาแข้ง,กลุ่มป่าตะวันตก,เครือข่ายเฝ้าระวังช้างป่าและสัตว์ป่าออกนอกพื้นที่อนุรักษ์บ้าน เขาเขียว บ้านไผ่งาม บ้านบึงเจริญ และบ้านเขามะตูม,บ้านไผ่งาม,10,ระบำ,ลานสัก,อุทัยธานี,
278,ขสป.ห้วยขาแข้ง,กลุ่มป่าตะวันตก,เครือข่ายเฝ้าระวังช้างป่าและสัตว์ป่าออกนอกพื้นที่อนุรักษ์บ้าน เขาเขียว บ้านไผ่งาม บ้านบึงเจริญ และบ้านเขามะตูม, บ้านบึงเจริญ,9,ระบำ,ลานสัก,อุทัยธานี,
279,ขสป.ห้วยขาแข้ง,กลุ่มป่าตะวันตก,เครือข่ายเฝ้าระวังช้างป่าและสัตว์ป่าออกนอกพื้นที่อนุรักษ์บ้าน เขาเขียว บ้านไผ่งาม บ้านบึงเจริญ และบ้านเขามะตูม,บ้านเขามะตูม,15,แม่เปิน,แม่เปิน,นครสวรรค์,
280,ขสป.ห้วยขาแข้ง,กลุ่มป่าตะวันตก,เครือข่ายเฝ้าระวังช้างป่าและสัตว์ป่าออกนอกพื้นที่อนุรักษ์บ้านโป่งสามสิบ บ้านทรัพย์สมบูรณ์ บ้านคีรีวงศ์ บ้านเขาไม้นวล บ้านคลองชะนีบน บ้านซับป่าพลูใหม่ บ้านเขาไม้นวน,บ้านโป่งสามสิบ ,3,ระบำ,ลานสัก,อุทัยธานี,95
281,ขสป.ห้วยขาแข้ง,กลุ่มป่าตะวันตก,เครือข่ายเฝ้าระวังช้างป่าและสัตว์ป่าออกนอกพื้นที่อนุรักษ์บ้านโป่งสามสิบ บ้านทรัพย์สมบูรณ์ บ้านคีรีวงศ์ บ้านเขาไม้นวล บ้านคลองชะนีบน บ้านซับป่าพลูใหม่ บ้านเขาไม้นวน,บ้านทรัพย์สมบูรณ์ ,12,ระบำ,ลานสัก,อุทัยธานี,
282,ขสป.ห้วยขาแข้ง,กลุ่มป่าตะวันตก,เครือข่ายเฝ้าระวังช้างป่าและสัตว์ป่าออกนอกพื้นที่อนุรักษ์บ้านโป่งสามสิบ บ้านทรัพย์สมบูรณ์ บ้านคีรีวงศ์ บ้านเขาไม้นวล บ้านคลองชะนีบน บ้านซับป่าพลูใหม่ บ้านเขาไม้นวน,บ้านคีรีวงศ์,15,ระบำ,ลานสัก,อุทัยธานี,
283,ขสป.ห้วยขาแข้ง,กลุ่มป่าตะวันตก,เครือข่ายเฝ้าระวังช้างป่าและสัตว์ป่าออกนอกพื้นที่อนุรักษ์บ้านโป่งสามสิบ บ้านทรัพย์สมบูรณ์ บ้านคีรีวงศ์ บ้านเขาไม้นวล บ้านคลองชะนีบน บ้านซับป่าพลูใหม่ บ้านเขาไม้นวน,บ้านเขาไม้นวล ,18,ระบำ,ลานสัก,อุทัยธานี,
284,ขสป.ห้วยขาแข้ง,กลุ่มป่าตะวันตก,เครือข่ายเฝ้าระวังช้างป่าและสัตว์ป่าออกนอกพื้นที่อนุรักษ์บ้านโป่งสามสิบ บ้านทรัพย์สมบูรณ์ บ้านคีรีวงศ์ บ้านเขาไม้นวล บ้านคลองชะนีบน บ้านซับป่าพลูใหม่ บ้านเขาไม้นวน,บ้านคลองชะนีบน,3,ป่าอ้อ,ลานสัก,อุทัยธานี,
285,ขสป.ห้วยขาแข้ง,กลุ่มป่าตะวันตก,เครือข่ายเฝ้าระวังช้างป่าและสัตว์ป่าออกนอกพื้นที่อนุรักษ์บ้านโป่งสามสิบ บ้านทรัพย์สมบูรณ์ บ้านคีรีวงศ์ บ้านเขาไม้นวล บ้านคลองชะนีบน บ้านซับป่าพลูใหม่ บ้านเขาไม้นวน,บ้านซับป่าพลูใหม่,8,ป่าอ้อ,ลานสัก,อุทัยธานี,
286,ขสป.ห้วยขาแข้ง,กลุ่มป่าตะวันตก,เครือข่ายเฝ้าระวังช้างป่าและสัตว์ป่าออกนอกพื้นที่อนุรักษ์บ้านโป่งสามสิบ บ้านทรัพย์สมบูรณ์ บ้านคีรีวงศ์ บ้านเขาไม้นวล บ้านคลองชะนีบน บ้านซับป่าพลูใหม่ บ้านเขาไม้นวน,บ้านเขาไม้นวน,10,ป่าอ้อ,ลานสัก,อุทัยธานี,
287,ขสป.ห้วยขาแข้ง,กลุ่มป่าตะวันตก,เครือข่ายเฝ้าระวังช้างป่าและสัตว์ป่าออกนอกพื้นที่อนุรักษ์บ้านอ่างห้วยดง บ้านโป่งมะค่า,อ่างห้วยดง,11,ระบำ,ลานสัก,อุทัยธานี,56
288,ขสป.ห้วยขาแข้ง,กลุ่มป่าตะวันตก,เครือข่ายเฝ้าระวังช้างป่าและสัตว์ป่าออกนอกพื้นที่อนุรักษ์บ้านอ่างห้วยดง บ้านโป่งมะค่า,โป่งมะค่า,7,ระบำ,ลานสัก,อุทัยธานี,
289,ขสป.ห้วยขาแข้ง,กลุ่มป่าตะวันตก,เครือข่ายเฝ้าระวังช้างป่าและสัตว์ป่าออกนอกพื้นที่อนุรักษ์บ้านคลองแห้ง กลุ่มคลองแห้ง กลุ่มคลองเคียน กลุ่มไซเบอร์ และบ้านละว้า กลุ่มห้วยร่วม อีซ่าพัฒนา,บ้าคลองแห้ง,1,ทองหลาง,ห้วยคต,อุทัยธานี,62
290,ขสป.ห้วยขาแข้ง,กลุ่มป่าตะวันตก,เครือข่ายเฝ้าระวังช้างป่าและสัตว์ป่าออกนอกพื้นที่อนุรักษ์บ้านคลองแห้ง กลุ่มคลองแห้ง กลุ่มคลองเคียน กลุ่มไซเบอร์ และบ้านละว้า กลุ่มห้วยร่วม อีซ่าพัฒนา,บ้านละว้า,3,ทองหลาง,ห้วยคต,อุทัยธานี,
291,ขสป.ห้วยขาแข้ง,กลุ่มป่าตะวันตก,เครือข่ายเฝ้าระวังช้างป่าและสัตว์ป่าออกนอกพื้นที่อนุรักษ์บ้านน้ำพุ บ้านดง บ้านกระแน่ บ้านเจดีย์,บ้านน้ำพุ,1,คอกควาย,บ้านไร่,อุทัยธานี,51
292,ขสป.ห้วยขาแข้ง,กลุ่มป่าตะวันตก,เครือข่ายเฝ้าระวังช้างป่าและสัตว์ป่าออกนอกพื้นที่อนุรักษ์บ้านน้ำพุ บ้านดง บ้านกระแน่ บ้านเจดีย์,บ้านดง,3,คอกควาย,บ้านไร่,อุทัยธานี,
293,ขสป.ห้วยขาแข้ง,กลุ่มป่าตะวันตก,เครือข่ายเฝ้าระวังช้างป่าและสัตว์ป่าออกนอกพื้นที่อนุรักษ์บ้านน้ำพุ บ้านดง บ้านกระแน่ บ้านเจดีย์,บ้านกระแน่,9,คอกควาย,บ้านไร่,อุทัยธานี,
294,ขสป.ห้วยขาแข้ง,กลุ่มป่าตะวันตก,เครือข่ายเฝ้าระวังช้างป่าและสัตว์ป่าออกนอกพื้นที่อนุรักษ์บ้านน้ำพุ บ้านดง บ้านกระแน่ บ้านเจดีย์,บ้านเจดีย์,14,คอกควาย,บ้านไร่,อุทัยธานี,
295,ขสป.ซับลังกา,กลุ่มป่าภูเขียว-น้ำหนาว,เครือข่ายเฝ้าระวังช้างป่าและสัตว์ป่าออกนอกพื้นที่อนุรักษ์ บ้านซับใหญ่,บ้านซับใหญ่,13,วังทอง,ภักดีชุมพล,ชัยภูมิ,25
296,ขสป.ซับลังกา,กลุ่มป่าภูเขียว-น้ำหนาว,เครือข่ายเฝ้าระวังช้างป่าและสัตว์ป่าออกนอกพื้นที่อนุรักษ์ บ้านโนนสวรรค์,บ้านโนนสวรรค์,7,บ้านไร่,เทพสถิต,ชัยภูมิ,25
297,ขสป.ซับลังกา,กลุ่มป่าภูเขียว-น้ำหนาว,เครือข่ายเฝ้าระวังช้างป่าและสัตว์ป่าออกนอกพื้นที่อนุรักษ์ บ้านน้ำตกนางคำ,บ้านน้ำตกนางคำ,12,วังทอง,ภักดีชุมพล,ชัยภูมิ,25
298,ขสป.ซับลังกา,กลุ่มป่าภูเขียว-น้ำหนาว,เครือข่ายเฝ้าระวังช้างป่าและสัตว์ป่าออกนอกพื้นที่อนุรักษ์ บ้านวังเชื่อม,บ้านวังเชื่อม,7,กุดตาเพชร,ลำสนธิ,ลพบุรี,25
299,ขสป.ซับลังกา,กลุ่มป่าภูเขียว-น้ำหนาว,เครือข่ายเฝ้าระวังช้างป่าและสัตว์ป่าออกนอกพื้นที่อนุรักษ์ บ้านไทรงาม,บ้านไทรงาม,8,น้ำร้อน,วิเชียรบุรี,เพชรบูรณ์,26
300,อช.แก่งกระจาน,กลุ่มป่าแก่งกระจาน,เครือข่ายเฝ้าระวังช้างป่าและสัตว์ป่าออกนอกพื้นที่อนุรักษ์ บ้านป่าละอูพัฒนา,ป่าละอู,3,ห้วยสัตว์ใหญ่,หัวหิน,ประจวบคีรีขันธ์,27
301,อช.แก่งกระจาน,กลุ่มป่าแก่งกระจาน,เครือข่ายเฝ้าระวังช้างป่าและสัตว์ป่าออกนอกพื้นที่อนุรักษ์ บ้านฟ้าประทานพัฒนา,ฟ้าประทาน,2,ห้วยสัตว์ใหญ่,หัวหิน,ประจวบคีรีขันธ์,24
302,อช.แก่งกระจาน,กลุ่มป่าแก่งกระจาน,เครือข่ายเฝ้าระวังช้างป่าและสัตว์ป่าออกนอกพื้นที่อนุรักษ์ บ้านเฉลิมพร,เฉลิมพร,5,ห้วยสัตว์ใหญ่,หัวหิน,ประจวบคีรีขันธ์,20
303,อช.แก่งกระจาน,กลุ่มป่าแก่งกระจาน,เครือข่ายเฝ้าระวังช้างป่าและสัตว์ป่าออกนอกพื้นที่อนุรักษ์ บ้านปากคลองพัฒนา,บ้านปากคลอง,11,ห้วยสัตว์ใหญ่,หัวหิน,ประจวบคีรีขันธ์,21
304,อช.แก่งกระจาน,กลุ่มป่าแก่งกระจาน,เครือข่ายเฝ้าระวังช้างป่าและสัตว์ป่าออกนอกพื้นที่อนุรักษ์ บ้านกะหร่างสาม,ป่าแดง,3,ป่าเด็ง,แก่งกระจาน,เพชรบุรี,21
305,อช.แก่งกระจาน,กลุ่มป่าแก่งกระจาน,เครือข่ายเฝ้าระวังช้างป่าและสัตว์ป่าออกนอกพื้นที่อนุรักษ์ บ้านเสาร์ห้า รุ่น5,เสาร์ห้า,4,ป่าเด็ง,แก่งกระจาน,เพชรบุรี,20
306,อช.แก่งกระจาน,กลุ่มป่าแก่งกระจาน,เครือข่ายเฝ้าระวังช้างป่าและสัตว์ป่าออกนอกพื้นที่อนุรักษ์ บ้านชุมชนหินลาด,บ้านไผ่งาม,6,ห้วยแม่เพรียง,แก่งกระจาน,เพชรบุรี,40
307,อช.แก่งกระจาน,กลุ่มป่าแก่งกระจาน,เครือข่ายเฝ้าระวังช้างป่าและสัตว์ป่าออกนอกพื้นที่อนุรักษ์ บ้านห้วยสัตว์ใหญ่พัฒนา,ห้วยสัตว์ใหญ่,7,ป่าเด็ง,แก่งกระจาน,เพชรบุรี,20
308,อช.แก่งกระจาน,กลุ่มป่าแก่งกระจาน,เครือข่ายเฝ้าระวังช้างป่าและสัตว์ป่าออกนอกพื้นที่อนุรักษ์ บ้านวังข้าวสาร,บ้านวังข้าวสาร,10,กลัดหลวง,ท่ายาง,เพชรบุรี,20
309,อช.แก่งกระจาน,กลุ่มป่าแก่งกระจาน,เครือข่ายเฝ้าระวังช้างป่าและสัตว์ป่าออกนอกพื้นที่อนุรักษ์ บ้านผาน้ำหยด,ผาน้ำหยด,14,เขากระปุก,ท่ายาง,เพชรบุรี,20
310,อช.กุยบุรี,กลุ่มป่าแก่งกระจาน,เครือข่ายเฝ้าระวังช้างป่าและสัตว์ป่าออกนอกพื้นที่อนุรักษ์บ้านรวมไทย,ชุมชนบ้านรวมไทย,7,หาดขาม,กุยบุรี,ประจวบคีรีขันธ์,30
311,อช.กุยบุรี,กลุ่มป่าแก่งกระจาน,เครือข่ายเฝ้าระวังช้างป่าและสัตว์ป่าออกนอกพื้นที่อนุรักษ์ชุมชนบ้านพุบอน-ย่านซื่อ,ชุมชนบ้านพุบอน-ย่านซื่อ,8,หาดขาม,กุยบุรี,ประจวบคีรีขันธ์,30
312,อช.กุยบุรี,กลุ่มป่าแก่งกระจาน,เครือข่ายเฝ้าระวังช้างป่าและสัตว์ป่าออกนอกพื้นที่อนุรักษ์ชุมชนบ้านหนองกระทิง,ชุมชนบ้านหนองกระทิง,6,กุยบุรี,กุยบุรี,ประจวบคีรีขันธ์,30
313,อช.กุยบุรี,กลุ่มป่าแก่งกระจาน,เครือข่ายเฝ้าระวังช้างป่าและสัตว์ป่าออกนอกพื้นที่อนุรักษ์ชุมชนยางชุม-หาดขาม-เขาตกน้ำ,ชุมชนยางชุม-หาดขาม-เขาตกน้ำ,6,หาดขาม,กุยบุรี,ประจวบคีรีขันธ์,30
314,อช.กุยบุรี,กลุ่มป่าแก่งกระจาน,เครือข่ายเฝ้าระวังช้างป่าและสัตว์ป่าออกนอกพื้นที่อนุรักษ์ชุมชนบ้านวังไทร,ชุมชนบ้านวังไทร,7,ไร่ใหม่,สามร้อยยอด,ประจวบคีรีขันธ์,30
315,อช.กุยบุรี,กลุ่มป่าแก่งกระจาน,เครือข่ายเฝ้าระวังช้างป่าและสัตว์ป่าออกนอกพื้นที่อนุรักษ์ชุมชนบ้านศาลาลัย,ชุมชนบ้านศาลาลัย,3,ศาลาลัย,สามร้อยยอด,ประจวบคีรีขันธ์,30
316,อช.กุยบุรี,กลุ่มป่าแก่งกระจาน,เครือข่ายเฝ้าระวังช้างป่าและสัตว์ป่าออกนอกพื้นที่อนุรักษ์ชุมชนบ้านท่าวังหิน,ชุมชนบ้านท่าวังหิน,4,เขาเจ้า,ปราณบุรี,ประจวบคีรีขันธ์,30
317,อช.กุยบุรี,กลุ่มป่าแก่งกระจาน,เครือข่ายเฝ้าระวังช้างป่าและสัตว์ป่าออกนอกพื้นที่อนุรักษ์ชุมชนบ้านกะทุ่ม-แพรกตะลุย,บ้านท่ากระทุ่น,5,เขาจ้าว,ปราณบุรี,ประจวบคีรีขันธ์,30
318,อช.กุยบุรี,กลุ่มป่าแก่งกระจาน,เครือข่ายเฝ้าระวังช้างป่าและสัตว์ป่าออกนอกพื้นที่อนุรักษ์ชุมชนบ้านเข็ดกา,ชุมชนบ้านเข็ดกา,12,บ่อนอก,เมืองประจวบคีรีขันธ์,ประจวบคีรีขันธ์,30
319,อช.กุยบุรี,กลุ่มป่าแก่งกระจาน,เครือข่ายเฝ้าระวังช้างป่าและสัตว์ป่าออกนอกพื้นที่อนุรักษ์ชุมชนบ้านน้ำโจน (ย่านซื่อ),ย่านซื่อ,12,อ่าวน้อย,เมืองประจวบคีรีขันธ์,ประจวบคีรีขันธ์,30
